{
  "loss": [
    0.20168139040470123,
    0.10215342044830322,
    0.10006076842546463,
    0.10017058998346329,
    0.09932854026556015
  ],
  "precision": [
    0.71875,
    0.7644326686859131,
    0.7660858035087585,
    0.7721691727638245,
    0.7802349925041199
  ],
  "recall": [
    0.4146634638309479,
    0.692307710647583,
    0.6868990659713745,
    0.6802884340286255,
    0.6784855723381042
  ],
  "val_loss": [
    0.06393729150295258,
    0.05771144852042198,
    0.06622754037380219,
    0.05858106166124344,
    0.06300902366638184
  ],
  "val_precision": [
    0.3957996666431427,
    0.4436229169368744,
    0.4436229169368744,
    0.4740000069141388,
    0.4436229169368744
  ],
  "val_recall": [
    0.686274528503418,
    0.6722689270973206,
    0.6722689270973206,
    0.6638655662536621,
    0.6722689270973206
  ]
}