{
  "loss": [
    0.5268892645835876,
    0.35636332631111145,
    0.3389221429824829,
    0.3323255479335785,
    0.32735198736190796
  ],
  "precision": [
    0.597102165222168,
    0.679409384727478,
    0.6906688809394836,
    0.6908938884735107,
    0.6987173557281494
  ],
  "recall": [
    0.27040404081344604,
    0.8633590340614319,
    0.8546103239059448,
    0.8567975163459778,
    0.846552312374115
  ],
  "val_loss": [
    0.25509095191955566,
    0.2340417504310608,
    0.25684869289398193,
    0.23445186018943787,
    0.24441130459308624
  ],
  "val_precision": [
    0.06959443539381027,
    0.08485599607229233,
    0.07432950288057327,
    0.07515496015548706,
    0.075388602912426
  ],
  "val_recall": [
    0.8895705342292786,
    0.8404908180236816,
    0.8926380276679993,
    0.8926380276679993,
    0.8926380276679993
  ]
}