{
  "loss": [
    0.16490863263607025,
    0.05710091069340706,
    0.05474754795432091,
    0.05468627065420151,
    0.05418446287512779
  ],
  "precision": [
    0.0,
    0.0,
    0.0,
    0.0,
    0.0
  ],
  "recall": [
    0.0,
    0.0,
    0.0,
    0.0,
    0.0
  ],
  "val_loss": [
    0.06399784237146378,
    0.054293956607580185,
    0.05466551333665848,
    0.052960846573114395,
    0.05266455188393593
  ],
  "val_precision": [
    0.0,
    0.0,
    0.0,
    0.0,
    0.0
  ],
  "val_recall": [
    0.0,
    0.0,
    0.0,
    0.0,
    0.0
  ]
}