{
  "loss": [
    0.510064959526062,
    0.4421268403530121,
    0.43702512979507446,
    0.43523848056793213,
    0.4338200092315674
  ],
  "precision": [
    0.7706489562988281,
    0.822952926158905,
    0.8230274319648743,
    0.8231340646743774,
    0.8241371512413025
  ],
  "recall": [
    0.921965479850769,
    0.9200636148452759,
    0.9226467609405518,
    0.9247757196426392,
    0.923867404460907
  ],
  "val_loss": [
    0.6866663694381714,
    0.6508281826972961,
    0.6653888821601868,
    0.6249455809593201,
    0.6293889284133911
  ],
  "val_precision": [
    0.21684964001178741,
    0.2199597805738449,
    0.21625916659832,
    0.22251874208450317,
    0.22171659767627716
  ],
  "val_recall": [
    0.9189754128456116,
    0.9147934913635254,
    0.9247255325317383,
    0.9153162837028503,
    0.9168844819068909
  ]
}