{
  "loss": [
    0.4792247712612152,
    0.39939257502555847,
    0.39373278617858887,
    0.3897385895252228,
    0.38767215609550476
  ],
  "precision": [
    0.7949197292327881,
    0.8463680148124695,
    0.8457196950912476,
    0.8468544483184814,
    0.8475367426872253
  ],
  "recall": [
    0.9052174687385559,
    0.9320427179336548,
    0.935818076133728,
    0.9369535446166992,
    0.9381173849105835
  ],
  "val_loss": [
    0.5905891060829163,
    0.6006344556808472,
    0.646780252456665,
    0.5935075879096985,
    0.6005667448043823
  ],
  "val_precision": [
    0.20821242034435272,
    0.20372705161571503,
    0.2007976919412613,
    0.2081720381975174,
    0.20642785727977753
  ],
  "val_recall": [
    0.9300065040588379,
    0.9423201680183411,
    0.946208655834198,
    0.9410240054130554,
    0.9449124932289124
  ]
}