{
  "loss": [
    0.21710458397865295,
    0.15063834190368652,
    0.14289774000644684,
    0.13759276270866394,
    0.13535243272781372
  ],
  "precision": [
    0.6666666865348816,
    0.5045045018196106,
    0.7052631378173828,
    0.6909090876579285,
    0.6968085169792175
  ],
  "recall": [
    0.0022371364757418633,
    0.06263981759548187,
    0.07494407147169113,
    0.12751677632331848,
    0.14653243124485016
  ],
  "val_loss": [
    0.10668022185564041,
    0.10209070891141891,
    0.09523288160562515,
    0.09447240084409714,
    0.09128744900226593
  ],
  "val_precision": [
    0.375,
    0.5,
    0.6499999761581421,
    0.6875,
    0.739130437374115
  ],
  "val_recall": [
    0.015706805512309074,
    0.015706805512309074,
    0.06806282699108124,
    0.11518324911594391,
    0.1780104786157608
  ]
}