{
  "loss": [
    0.10480945557355881,
    0.008802254684269428,
    0.00820525549352169,
    0.007928433828055859,
    0.007761738728731871
  ],
  "precision": [
    0.0,
    0.0,
    0.0,
    0.0,
    0.0
  ],
  "recall": [
    0.0,
    0.0,
    0.0,
    0.0,
    0.0
  ],
  "val_loss": [
    0.007136413361877203,
    0.006417320109903812,
    0.006373939104378223,
    0.006059058476239443,
    0.00661721033975482
  ],
  "val_precision": [
    0.0,
    0.0,
    0.0,
    0.0,
    0.0
  ],
  "val_recall": [
    0.0,
    0.0,
    0.0,
    0.0,
    0.0
  ]
}