{
  "loss": [
    0.25972405076026917,
    0.15329588949680328,
    0.143155038356781,
    0.14069660007953644,
    0.1402236372232437
  ],
  "precision": [
    0.0,
    0.0,
    0.0,
    0.0,
    0.0
  ],
  "recall": [
    0.0,
    0.0,
    0.0,
    0.0,
    0.0
  ],
  "val_loss": [
    0.16512221097946167,
    0.14923980832099915,
    0.1447037309408188,
    0.1428554356098175,
    0.14390629529953003
  ],
  "val_precision": [
    0.0,
    0.0,
    0.0,
    0.0,
    0.0
  ],
  "val_recall": [
    0.0,
    0.0,
    0.0,
    0.0,
    0.0
  ]
}