{
  "loss": [
    0.15197880566120148,
    0.0026075998321175575,
    0.0024325780104845762,
    0.002240879228338599,
    0.002122368896380067,
    0.001973813632503152,
    0.001849693595431745,
    0.0017440835945308208,
    0.001638075103983283,
    0.001595446839928627,
    0.0015063147293403745,
    0.0014312296407297254,
    0.0013288273476064205,
    0.0013281494611874223,
    0.001264498452655971,
    0.001297498936764896,
    0.0012616884196177125,
    0.0012321827234700322,
    0.0012715129414573312,
    0.001257510855793953
  ],
  "precision": [
    0.0,
    0.0,
    0.0,
    0.0,
    0.0,
    0.0,
    0.0,
    0.0,
    0.0,
    0.0,
    0.0,
    0.0,
    0.0,
    1.0,
    1.0,
    1.0,
    1.0,
    1.0,
    1.0,
    1.0
  ],
  "recall": [
    0.0,
    0.0,
    0.0,
    0.0,
    0.0,
    0.0,
    0.0,
    0.0,
    0.0,
    0.0,
    0.0,
    0.0,
    0.0,
    0.25,
    0.25,
    0.25,
    0.5,
    0.5,
    0.5,
    0.5
  ],
  "val_loss": [
    0.0037076855078339577,
    0.003368385834619403,
    0.0032625512685626745,
    0.0030386417638510466,
    0.0029087101574987173,
    0.0027908021584153175,
    0.002679161261767149,
    0.002565743401646614,
    0.002509255427867174,
    0.002515713218599558,
    0.0026345227379351854,
    0.0024543036706745625,
    0.0025693518109619617,
    0.0024063948076218367,
    0.002524969633668661,
    0.0023942531552165747,
    0.0024649689439684153,
    0.0023488281294703484,
    0.0023978587705641985,
    0.002480488969013095
  ],
  "val_precision": [
    0.0,
    0.0,
    0.0,
    0.0,
    0.0,
    0.0,
    0.0,
    0.0,
    0.0,
    0.0,
    0.0,
    0.0,
    0.0,
    0.0,
    0.0,
    0.0,
    0.0,
    0.0,
    0.0,
    0.0
  ],
  "val_recall": [
    0.0,
    0.0,
    0.0,
    0.0,
    0.0,
    0.0,
    0.0,
    0.0,
    0.0,
    0.0,
    0.0,
    0.0,
    0.0,
    0.0,
    0.0,
    0.0,
    0.0,
    0.0,
    0.0,
    0.0
  ]
}