{
  "loss": [
    0.16045540571212769,
    0.05219341069459915,
    0.050417475402355194,
    0.049828946590423584,
    0.04991050064563751
  ],
  "precision": [
    0.4166666567325592,
    0.6666666865348816,
    0.6609195470809937,
    0.6685879230499268,
    0.6807228922843933
  ],
  "recall": [
    0.046296294778585434,
    0.49537035822868347,
    0.5324074029922485,
    0.5370370149612427,
    0.5231481194496155
  ],
  "val_loss": [
    0.02763158641755581,
    0.027213580906391144,
    0.025768442079424858,
    0.025990024209022522,
    0.022232042625546455
  ],
  "val_precision": [
    0.21296297013759613,
    0.221374049782753,
    0.2230769246816635,
    0.23577235639095306,
    0.24576270580291748
  ],
  "val_recall": [
    0.30666667222976685,
    0.3866666555404663,
    0.3866666555404663,
    0.3866666555404663,
    0.3866666555404663
  ]
}