{
  "loss": [
    0.19756826758384705,
    0.061718136072158813,
    0.052777811884880066,
    0.05186307057738304,
    0.050922006368637085
  ],
  "precision": [
    0.0,
    0.0,
    0.0,
    0.0,
    0.0
  ],
  "recall": [
    0.0,
    0.0,
    0.0,
    0.0,
    0.0
  ],
  "val_loss": [
    0.0716962143778801,
    0.05428449064493179,
    0.05166067183017731,
    0.051757100969552994,
    0.05085066705942154
  ],
  "val_precision": [
    0.0,
    0.0,
    0.0,
    0.0,
    0.0
  ],
  "val_recall": [
    0.0,
    0.0,
    0.0,
    0.0,
    0.0
  ]
}