{
  "loss": [
    0.16748195886611938,
    0.02467559091746807,
    0.022189442068338394,
    0.020709658041596413,
    0.019836490973830223,
    0.019359342753887177,
    0.018464289605617523,
    0.017741747200489044,
    0.017211347818374634,
    0.016682002693414688,
    0.01640460640192032,
    0.016054926440119743,
    0.015696784481406212,
    0.015360063873231411,
    0.01525335106998682,
    0.014957810752093792,
    0.01502829510718584,
    0.01456761546432972,
    0.014665518887341022,
    0.01446264423429966
  ],
  "precision": [
    0.0,
    0.0,
    0.0,
    0.0,
    0.0,
    0.6428571343421936,
    0.6499999761581421,
    0.695652186870575,
    0.7407407164573669,
    0.774193525314331,
    0.7575757503509521,
    0.7941176295280457,
    0.7714285850524902,
    0.8108108043670654,
    0.8285714387893677,
    0.8108108043670654,
    0.8333333134651184,
    0.8108108043670654,
    0.8108108043670654,
    0.8571428656578064
  ],
  "recall": [
    0.0,
    0.0,
    0.0,
    0.0,
    0.0,
    0.13235294818878174,
    0.19117647409439087,
    0.23529411852359772,
    0.29411765933036804,
    0.3529411852359772,
    0.36764705181121826,
    0.3970588147640228,
    0.3970588147640228,
    0.44117647409439087,
    0.4264705777168274,
    0.44117647409439087,
    0.44117647409439087,
    0.44117647409439087,
    0.44117647409439087,
    0.44117647409439087
  ],
  "val_loss": [
    0.026406900957226753,
    0.02368149906396866,
    0.022004801779985428,
    0.021415119990706444,
    0.02129133976995945,
    0.0214411411434412,
    0.02159910462796688,
    0.02245800755918026,
    0.023457882925868034,
    0.023365948349237442,
    0.023617833852767944,
    0.024347146973013878,
    0.02494528517127037,
    0.025321602821350098,
    0.02660440467298031,
    0.026553941890597343,
    0.028129570186138153,
    0.026760196313261986,
    0.027044627815485,
    0.02725878916680813
  ],
  "val_precision": [
    0.0,
    0.0,
    0.0,
    0.0,
    0.0,
    1.0,
    0.5,
    0.3333333432674408,
    0.3333333432674408,
    0.25,
    0.25,
    0.1666666716337204,
    0.20000000298023224,
    0.25,
    0.20000000298023224,
    0.3333333432674408,
    0.25,
    0.20000000298023224,
    0.25,
    0.25
  ],
  "val_recall": [
    0.0,
    0.0,
    0.0,
    0.0,
    0.0,
    0.0714285746216774,
    0.0714285746216774,
    0.0714285746216774,
    0.0714285746216774,
    0.0714285746216774,
    0.0714285746216774,
    0.0714285746216774,
    0.0714285746216774,
    0.0714285746216774,
    0.0714285746216774,
    0.0714285746216774,
    0.0714285746216774,
    0.0714285746216774,
    0.0714285746216774,
    0.0714285746216774
  ]
}