{
  "loss": [
    0.012618144042789936,
    0.0091397725045681,
    0.00911684613674879,
    0.009122519753873348,
    0.009119040332734585,
    0.009121263399720192,
    0.00911618396639824,
    0.009114806540310383,
    0.009122636169195175,
    0.009112807922065258,
    0.009114800952374935,
    0.00910552591085434,
    0.009100398048758507,
    0.009099029935896397,
    0.009101223200559616,
    0.009107152931392193,
    0.009101802483201027,
    0.009104564785957336,
    0.009105812758207321,
    0.009102365002036095
  ],
  "precision": [
    0.0,
    0.0,
    0.0,
    0.0,
    0.0,
    0.0,
    0.0,
    0.0,
    0.0,
    0.0,
    0.0,
    0.0,
    0.0,
    0.0,
    0.0,
    0.0,
    0.0,
    0.0,
    0.0,
    0.0
  ],
  "recall": [
    0.0,
    0.0,
    0.0,
    0.0,
    0.0,
    0.0,
    0.0,
    0.0,
    0.0,
    0.0,
    0.0,
    0.0,
    0.0,
    0.0,
    0.0,
    0.0,
    0.0,
    0.0,
    0.0,
    0.0
  ],
  "val_loss": [
    0.009078716859221458,
    0.009074750356376171,
    0.00900984462350607,
    0.009159129112958908,
    0.009031631983816624,
    0.009080878458917141,
    0.009003553539514542,
    0.009027566760778427,
    0.009011317975819111,
    0.00901454221457243,
    0.009047412313520908,
    0.009003963321447372,
    0.009089387021958828,
    0.009094642475247383,
    0.009042519144713879,
    0.009026734158396721,
    0.009149613790214062,
    0.009059985168278217,
    0.009351867251098156,
    0.00901655200868845
  ],
  "val_precision": [
    0.0,
    0.0,
    0.0,
    0.0,
    0.0,
    0.0,
    0.0,
    0.0,
    0.0,
    0.0,
    0.0,
    0.0,
    0.0,
    0.0,
    0.0,
    0.0,
    0.0,
    0.0,
    0.0,
    0.0
  ],
  "val_recall": [
    0.0,
    0.0,
    0.0,
    0.0,
    0.0,
    0.0,
    0.0,
    0.0,
    0.0,
    0.0,
    0.0,
    0.0,
    0.0,
    0.0,
    0.0,
    0.0,
    0.0,
    0.0,
    0.0,
    0.0
  ]
}