{
  "loss": [
    0.27025148272514343,
    0.1895129531621933,
    0.1811642050743103,
    0.17943011224269867,
    0.1791207492351532
  ],
  "precision": [
    0.0,
    0.0,
    0.0,
    0.0,
    0.0
  ],
  "recall": [
    0.0,
    0.0,
    0.0,
    0.0,
    0.0
  ],
  "val_loss": [
    0.1990533322095871,
    0.18170922994613647,
    0.17785125970840454,
    0.17690837383270264,
    0.1759503185749054
  ],
  "val_precision": [
    0.0,
    0.0,
    0.0,
    0.0,
    0.0
  ],
  "val_recall": [
    0.0,
    0.0,
    0.0,
    0.0,
    0.0
  ]
}