{
  "loss": [
    0.15104813873767853,
    0.050863780081272125,
    0.04723532125353813,
    0.046076077967882156,
    0.04598230868577957
  ],
  "precision": [
    0.5319148898124695,
    0.700964629650116,
    0.7088235020637512,
    0.7134503126144409,
    0.7383177280426025
  ],
  "recall": [
    0.05787036940455437,
    0.5046296119689941,
    0.5578703880310059,
    0.5648148059844971,
    0.5486111044883728
  ],
  "val_loss": [
    0.017768507823348045,
    0.01857815310359001,
    0.01739981397986412,
    0.01673492230474949,
    0.016635525971651077
  ],
  "val_precision": [
    0.18918919563293457,
    0.22807016968727112,
    0.2321428507566452,
    0.2429906576871872,
    0.24761904776096344
  ],
  "val_recall": [
    0.2857142984867096,
    0.5306122303009033,
    0.5306122303009033,
    0.5306122303009033,
    0.5306122303009033
  ]
}