{
  "loss": [
    0.1983020305633545,
    0.09174124151468277,
    0.08877786993980408,
    0.08804652839899063,
    0.08719822019338608
  ],
  "precision": [
    0.8430609703063965,
    0.8395415544509888,
    0.8507680892944336,
    0.8593519926071167,
    0.8588410019874573
  ],
  "recall": [
    0.390625,
    0.7043269276618958,
    0.6989182829856873,
    0.7013221383094788,
    0.6947115659713745
  ],
  "val_loss": [
    0.05470709875226021,
    0.05129927396774292,
    0.05109773948788643,
    0.039980534464120865,
    0.04507877677679062
  ],
  "val_precision": [
    0.39107611775398254,
    0.39107611775398254,
    0.39107611775398254,
    0.44207316637039185,
    0.44207316637039185
  ],
  "val_recall": [
    0.7028301954269409,
    0.7028301954269409,
    0.7028301954269409,
    0.6839622855186462,
    0.6839622855186462
  ]
}