{
  "loss": [
    0.46073371171951294,
    0.43053168058395386,
    0.42921772599220276,
    0.4289144277572632,
    0.4284524917602539
  ],
  "precision": [
    0.811303436756134,
    0.8140764236450195,
    0.8136932253837585,
    0.813176155090332,
    0.8131717443466187
  ],
  "recall": [
    0.9990569353103638,
    0.996416449546814,
    0.9967818856239319,
    0.9977013468742371,
    0.9980313777923584
  ],
  "val_loss": [
    1.1302471160888672,
    1.1049561500549316,
    1.0761152505874634,
    1.0906341075897217,
    1.1137940883636475
  ],
  "val_precision": [
    0.2297118455171585,
    0.22973524034023285,
    0.22973524034023285,
    0.24439474940299988,
    0.22972354292869568
  ],
  "val_recall": [
    0.9997783899307251,
    0.9997783899307251,
    0.9997783899307251,
    0.9685353636741638,
    0.9997783899307251
  ]
}