{
  "loss": [
    0.4397565722465515,
    0.42346739768981934,
    0.4230996072292328,
    0.4227801561355591,
    0.4229006767272949
  ],
  "precision": [
    0.8121427297592163,
    0.8126029968261719,
    0.8126749396324158,
    0.8125922083854675,
    0.8126413822174072
  ],
  "recall": [
    0.9981374740600586,
    0.9996227622032166,
    0.9994813203811646,
    0.9997053146362305,
    0.9993634223937988
  ],
  "val_loss": [
    0.9181882739067078,
    1.0416878461837769,
    0.9772029519081116,
    1.0080972909927368,
    1.0561429262161255
  ],
  "val_precision": [
    0.2971051335334778,
    0.2971805930137634,
    0.2971805930137634,
    0.2971805930137634,
    0.2971805930137634
  ],
  "val_recall": [
    1.0,
    1.0,
    1.0,
    1.0,
    1.0
  ]
}