{
  "global": {
    "total_events_generated": 42332,
    "mean_events_per_row": 0.010889983180877342,
    "std_events_per_row": 0.10378531421736677,
    "max_events_per_row": 1,
    "p95_events_per_row": 0.0,
    "empty_rows_ratio": 0.9891100168191227,
    "nonempty_rows_ratio": 0.010889983180877342,
    "n_event_types_catalog": 90,
    "n_event_types_observed": 46,
    "catalog_coverage_ratio": 0.5111111111111111,
    "effective_catalog_unused_ratio": 0.48888888888888893,
    "rare_event_count": 424,
    "rare_event_ratio": 0.010016063498062932,
    "rare_event_types_observed": 3,
    "rare_event_type_ratio": 0.06521739130434782,
    "top1_event_ratio": 0.13330341113105926,
    "top5_event_ratio": 0.5760653878862326,
    "event_entropy": 2.4343393839505105,
    "normalized_event_entropy": 0.6358232939190455,
    "n_consecutive_steps": 3887230,
    "consecutive_ratio": 0.9999971702294764,
    "n_broken_steps": 11,
    "broken_ratio": 2.829770523618165e-06,
    "n_level_events": 0,
    "n_unique_level_types_observed": 0,
    "n_measures_total": 1,
    "n_eventless_measures": 0,
    "eventless_measure_ratio": 0.0,
    "n_non_eventless_measures": 1,
    "non_eventless_measure_ratio": 1.0,
    "n_measures_with_high_rare_events": 1,
    "n_measures_with_low_rare_events": 1,
    "high_rare_measure_ratio": 1.0,
    "low_rare_measure_ratio": 1.0,
    "high_rare_event_count": 2,
    "low_rare_event_count": 422,
    "high_rare_event_ratio": 4.72455825380327e-05,
    "low_rare_event_ratio": 0.009968817915524899,
    "events_per_million_rows": 10889.983180877342,
    "n_transition_events": 42332,
    "n_unique_transition_types_observed": 46,
    "transition_coverage_ratio": 0.5111111111111111,
    "jump_size_mean": 1.0126854389114617,
    "jump_size_std": 0.12787263482335068,
    "pct_jump_eq_1": 0.9889445336861004,
    "pct_jump_ge_2": 0.011055466313899651,
    "pct_jump_ge_3": 0.0013464991023339318,
    "f02_quality_score": 0.8024167876682192,
    "activity_flag": "ok",
    "diversity_flag": "ok",
    "catalog_flag": "ok",
    "dominance_flag": "ok",
    "continuity_flag": "ok",
    "measure_coverage_flag": "ok",
    "f02_gate_status": "candidate"
  },
  "event_frequency": {
    "40": {
      "event_name": "Island_mode_MCCB_Active_Power_40_50-to-30_40",
      "count": 5643
    },
    "31": {
      "event_name": "Island_mode_MCCB_Active_Power_30_40-to-40_50",
      "count": 5620
    },
    "30": {
      "event_name": "Island_mode_MCCB_Active_Power_30_40-to-20_30",
      "count": 4651
    },
    "21": {
      "event_name": "Island_mode_MCCB_Active_Power_20_30-to-30_40",
      "count": 4637
    },
    "50": {
      "event_name": "Island_mode_MCCB_Active_Power_50_60-to-40_50",
      "count": 3835
    },
    "41": {
      "event_name": "Island_mode_MCCB_Active_Power_40_50-to-50_60",
      "count": 3798
    },
    "20": {
      "event_name": "Island_mode_MCCB_Active_Power_20_30-to-10_20",
      "count": 3533
    },
    "11": {
      "event_name": "Island_mode_MCCB_Active_Power_10_20-to-20_30",
      "count": 3515
    },
    "60": {
      "event_name": "Island_mode_MCCB_Active_Power_60_70-to-50_60",
      "count": 2782
    },
    "51": {
      "event_name": "Island_mode_MCCB_Active_Power_50_60-to-60_70",
      "count": 2764
    },
    "10": {
      "event_name": "Island_mode_MCCB_Active_Power_10_20-to-0_10",
      "count": 421
    },
    "1": {
      "event_name": "Island_mode_MCCB_Active_Power_0_10-to-10_20",
      "count": 419
    },
    "70": {
      "event_name": "Island_mode_MCCB_Active_Power_70_80-to-60_70",
      "count": 98
    },
    "61": {
      "event_name": "Island_mode_MCCB_Active_Power_60_70-to-70_80",
      "count": 94
    },
    "32": {
      "event_name": "Island_mode_MCCB_Active_Power_30_40-to-50_60",
      "count": 70
    },
    "39": {
      "event_name": "Island_mode_MCCB_Active_Power_40_50-to-20_30",
      "count": 57
    },
    "22": {
      "event_name": "Island_mode_MCCB_Active_Power_20_30-to-40_50",
      "count": 54
    },
    "49": {
      "event_name": "Island_mode_MCCB_Active_Power_50_60-to-30_40",
      "count": 50
    },
    "42": {
      "event_name": "Island_mode_MCCB_Active_Power_40_50-to-60_70",
      "count": 46
    },
    "12": {
      "event_name": "Island_mode_MCCB_Active_Power_10_20-to-30_40",
      "count": 43
    },
    "59": {
      "event_name": "Island_mode_MCCB_Active_Power_60_70-to-40_50",
      "count": 33
    },
    "29": {
      "event_name": "Island_mode_MCCB_Active_Power_30_40-to-10_20",
      "count": 30
    },
    "80": {
      "event_name": "Island_mode_MCCB_Active_Power_80_90-to-70_80",
      "count": 26
    },
    "71": {
      "event_name": "Island_mode_MCCB_Active_Power_70_80-to-80_90",
      "count": 24
    },
    "33": {
      "event_name": "Island_mode_MCCB_Active_Power_30_40-to-60_70",
      "count": 11
    },
    "68": {
      "event_name": "Island_mode_MCCB_Active_Power_70_80-to-40_50",
      "count": 9
    },
    "43": {
      "event_name": "Island_mode_MCCB_Active_Power_40_50-to-70_80",
      "count": 9
    },
    "52": {
      "event_name": "Island_mode_MCCB_Active_Power_50_60-to-70_80",
      "count": 8
    },
    "58": {
      "event_name": "Island_mode_MCCB_Active_Power_60_70-to-30_40",
      "count": 8
    },
    "69": {
      "event_name": "Island_mode_MCCB_Active_Power_70_80-to-50_60",
      "count": 6
    },
    "62": {
      "event_name": "Island_mode_MCCB_Active_Power_60_70-to-80_90",
      "count": 6
    },
    "77": {
      "event_name": "Island_mode_MCCB_Active_Power_80_90-to-40_50",
      "count": 4
    },
    "79": {
      "event_name": "Island_mode_MCCB_Active_Power_80_90-to-60_70",
      "count": 4
    },
    "44": {
      "event_name": "Island_mode_MCCB_Active_Power_40_50-to-80_90",
      "count": 3
    },
    "2": {
      "event_name": "Island_mode_MCCB_Active_Power_0_10-to-20_30",
      "count": 3
    },
    "13": {
      "event_name": "Island_mode_MCCB_Active_Power_10_20-to-40_50",
      "count": 3
    },
    "67": {
      "event_name": "Island_mode_MCCB_Active_Power_70_80-to-30_40",
      "count": 2
    },
    "34": {
      "event_name": "Island_mode_MCCB_Active_Power_30_40-to-70_80",
      "count": 2
    },
    "81": {
      "event_name": "Island_mode_MCCB_Active_Power_80_90-to-90_100",
      "count": 2
    },
    "90": {
      "event_name": "Island_mode_MCCB_Active_Power_90_100-to-80_90",
      "count": 2
    },
    "23": {
      "event_name": "Island_mode_MCCB_Active_Power_20_30-to-50_60",
      "count": 2
    },
    "53": {
      "event_name": "Island_mode_MCCB_Active_Power_50_60-to-80_90",
      "count": 1
    },
    "19": {
      "event_name": "Island_mode_MCCB_Active_Power_20_30-to-0_10",
      "count": 1
    },
    "48": {
      "event_name": "Island_mode_MCCB_Active_Power_50_60-to-20_30",
      "count": 1
    },
    "14": {
      "event_name": "Island_mode_MCCB_Active_Power_10_20-to-50_60",
      "count": 1
    },
    "38": {
      "event_name": "Island_mode_MCCB_Active_Power_40_50-to-10_20",
      "count": 1
    }
  },
  "per_measure": {
    "Island_mode_MCCB_Active_Power": {
      "n_events_generated": 42332,
      "n_unique_event_types_observed": 46,
      "top1_ratio": 0.13330341113105926,
      "rare_event_count": 424,
      "rare_event_ratio": 0.010016063498062932,
      "high_rare_event_count": 2,
      "low_rare_event_count": 422,
      "rare_event_type_count": 3,
      "high_rare_event_type_count": 1,
      "low_rare_event_type_count": 2,
      "high_rare_event_ratio": 4.72455825380327e-05,
      "low_rare_event_ratio": 0.009968817915524899,
      "mean_events_per_row_contributed": 0.010889983180877342,
      "band_occupancy": {
        "0_10": 7849,
        "10_20": 55488,
        "20_30": 101204,
        "30_40": 994867,
        "40_50": 168350,
        "50_60": 1968190,
        "60_70": 583742,
        "70_80": 4684,
        "80_90": 277,
        "90_100": 20
      },
      "total_band_count": 3884671,
      "n_active_bands": 10,