{
  "loss": [
    0.3695582449436188,
    0.29868027567863464,
    0.29354164004325867,
    0.29033732414245605,
    0.2868500351905823
  ],
  "precision": [
    0.5634574890136719,
    0.6004943251609802,
    0.6177031397819519,
    0.6271460652351379,
    0.6294236779212952
  ],
  "recall": [
    0.6031292080879211,
    0.8041221499443054,
    0.7800511717796326,
    0.7583872675895691,
    0.7492101788520813
  ],
  "val_loss": [
    0.2427535355091095,
    0.25280600786209106,
    0.2579258382320404,
    0.22833962738513947,
    0.21957425773143768
  ],
  "val_precision": [
    0.3203638195991516,
    0.3263044059276581,
    0.32672232389450073,
    0.32623133063316345,
    0.367719829082489
  ],
  "val_recall": [
    0.8904494643211365,
    0.8476123809814453,
    0.8792135119438171,
    0.8279494643211365,
    0.6783707737922668
  ]
}