{
  "loss": [
    0.3397008180618286,
    0.32280904054641724,
    0.3223997950553894,
    0.3217906951904297,
    0.32168450951576233
  ],
  "precision": [
    0.8761816024780273,
    0.8812275528907776,
    0.8812337517738342,
    0.8812418580055237,
    0.8812260031700134
  ],
  "recall": [
    0.9975599050521851,
    0.9985265135765076,
    0.9985854625701904,
    0.9987505078315735,
    0.9987740516662598
  ],
  "val_loss": [
    1.0575895309448242,
    1.1026220321655273,
    0.9043658375740051,
    0.9922302961349487,
    1.0186954736709595
  ],
  "val_precision": [
    0.271672785282135,
    0.27177727222442627,
    0.27188095450401306,
    0.2718742787837982,
    0.2718742787837982
  ],
  "val_recall": [
    0.9983174204826355,
    0.9991587400436401,
    0.9991587400436401,
    0.9994391202926636,
    0.9994391202926636
  ]
}