{
  "loss": [
    0.34001851081848145,
    0.27403172850608826,
    0.27271395921707153,
    0.27232110500335693,
    0.27176520228385925
  ],
  "precision": [
    0.6625586748123169,
    0.6562358140945435,
    0.6493899822235107,
    0.6505385637283325,
    0.6587744951248169
  ],
  "recall": [
    0.7300827503204346,
    0.9357216954231262,
    0.9430936574935913,
    0.9529229402542114,
    0.8996378779411316
  ],
  "val_loss": [
    0.25223085284233093,
    0.23255449533462524,
    0.23706376552581787,
    0.23014934360980988,
    0.22587968409061432
  ],
  "val_precision": [
    0.23602019250392914,
    0.23602019250392914,
    0.23602019250392914,
    0.23593194782733917,
    0.23593194782733917
  ],
  "val_recall": [
    0.9960536956787109,
    0.9960536956787109,
    0.9960536956787109,
    0.9960536956787109,
    0.9960536956787109
  ]
}