{
  "loss": [
    0.2724952697753906,
    0.24660171568393707,
    0.24560725688934326,
    0.24489277601242065,
    0.24487070739269257
  ],
  "precision": [
    0.9015940427780151,
    0.9112080335617065,
    0.9112094640731812,
    0.9112136363983154,
    0.9112136363983154
  ],
  "recall": [
    0.9963766932487488,
    0.9984644055366516,
    0.9984816312789917,
    0.9985334277153015,
    0.9985334277153015
  ],
  "val_loss": [
    0.6113757491111755,
    0.6192713379859924,
    0.5644566416740417,
    0.6059697866439819,
    0.636854887008667
  ],
  "val_precision": [
    0.21060605347156525,
    0.21060605347156525,
    0.21072565019130707,
    0.21072565019130707,
    0.21072565019130707
  ],
  "val_recall": [
    0.9985632300376892,
    0.9985632300376892,
    0.9992815852165222,
    0.9992815852165222,
    0.9992815852165222
  ]
}