{
  "loss": [
    0.5323413014411926,
    0.35091301798820496,
    0.33677560091018677,
    0.3318256437778473,
    0.33134403824806213,
    0.33052247762680054,
    0.32875165343284607,
    0.3270004093647003,
    0.3263963758945465,
    0.3269416391849518,
    0.32541775703430176,
    0.32518693804740906,
    0.32336509227752686,
    0.32233119010925293,
    0.32199183106422424,
    0.3221277892589569,
    0.32207319140434265,
    0.3200224041938782,
    0.31866055727005005,
    0.3202808201313019
  ],
  "precision": [
    0.6560975313186646,
    0.7354877591133118,
    0.7377641797065735,
    0.744062602519989,
    0.7390946745872498,
    0.7440758347511292,
    0.7511975169181824,
    0.7530307173728943,
    0.7550904750823975,
    0.7596017122268677,
    0.7581885457038879,
    0.7595224380493164,
    0.7590429782867432,
    0.7627456784248352,
    0.7620267868041992,
    0.7620267868041992,
    0.7653119564056396,
    0.7666093707084656,
    0.7627118825912476,
    0.7640835046768188
  ],
  "recall": [
    0.05972468852996826,
    0.5457371473312378,
    0.589031994342804,
    0.5912522077560425,
    0.5981349945068359,
    0.5925843715667725,
    0.5919182896614075,
    0.5930284261703491,
    0.5928063988685608,
    0.5928063988685608,
    0.5910301804542542,
    0.5932504534721375,
    0.5916962623596191,
    0.5945826172828674,
    0.5943605899810791,
    0.5943605899810791,
    0.5936945080757141,
    0.5943605899810791,
    0.5994671583175659,
    0.5932504534721375
  ],
  "val_loss": [
    0.3824627101421356,
    0.32787635922431946,
    0.3242228925228119,
    0.3230977952480316,
    0.32285770773887634,
    0.3221425414085388,
    0.3233361542224884,
    0.3206132650375366,
    0.3201615810394287,
    0.3205333650112152,
    0.3210406005382538,
    0.3201790153980255,
    0.32048898935317993,
    0.3198758065700531,
    0.3208884298801422,
    0.3215249180793762,
    0.32079342007637024,
    0.32200300693511963,
    0.32170161604881287,
    0.3221181631088257
  ],
  "val_precision": [
    0.7495712041854858,
    0.7285353541374207,
    0.7413333058357239,
    0.7420634627342224,
    0.7466487884521484,
    0.7457180619239807,
    0.7208737730979919,
    0.7463672161102295,
    0.7434554696083069,
    0.7543390989303589,
    0.76222825050354,
    0.7450722455978394,
    0.7476882338523865,
    0.7408854365348816,
    0.7516600489616394,
    0.7560975551605225,
    0.7560647130012512,
    0.7326478362083435,
    0.7456953525543213,
    0.72053462266922
  ],
  "val_recall": [
    0.45284974575042725,
    0.597927451133728,
    0.5761657953262329,
    0.5813471674919128,
    0.5772020816802979,
    0.586528480052948,
    0.6155440211296082,
    0.5854922533035278,
    0.5886010527610779,
    0.5854922533035278,
    0.5813471674919128,
    0.5875647664070129,
    0.586528480052948,
    0.589637279510498,
    0.586528480052948,
    0.5782383680343628,
    0.5813471674919128,
    0.590673565864563,
    0.583419680595398,
    0.614507794380188
  ]
}