{
  "loss": [
    0.18111369013786316,
    0.07117138057947159,
    0.07085537165403366,
    0.07074785977602005,
    0.07044678181409836
  ],
  "precision": [
    0.7346153855323792,
    0.7416356801986694,
    0.7418755888938904,
    0.7420856356620789,
    0.7421150207519531
  ],
  "recall": [
    0.3479052782058716,
    0.7267759442329407,
    0.7276867032051086,
    0.7258651852607727,
    0.7285974621772766
  ],
  "val_loss": [
    0.03998193517327309,
    0.03903830423951149,
    0.04234566166996956,
    0.038746532052755356,
    0.0359293594956398
  ],
  "val_precision": [
    0.24813896417617798,
    0.24876847863197327,
    0.24876847863197327,
    0.24876847863197327,
    0.24813896417617798
  ],
  "val_recall": [
    0.7194244861602783,
    0.7266187071800232,
    0.7266187071800232,
    0.7266187071800232,
    0.7194244861602783
  ]
}