{
  "loss": [
    0.5544586777687073,
    0.35257580876350403,
    0.3362649083137512,
    0.33223381638526917,
    0.3322043716907501,
    0.33028101921081543,
    0.329422265291214,
    0.32813623547554016,
    0.3281605541706085,
    0.3260658383369446,
    0.32543811202049255,
    0.324942409992218,
    0.32476696372032166,
    0.3235277831554413,
    0.32217568159103394,
    0.32107552886009216,
    0.3209473192691803,
    0.321480929851532,
    0.31960347294807434,
    0.31846410036087036
  ],
  "precision": [
    0.48637738823890686,
    0.7328687310218811,
    0.7474633455276489,
    0.7440692186355591,
    0.7458718419075012,
    0.7442312836647034,
    0.7510572075843811,
    0.7474972009658813,
    0.7556753754615784,
    0.7609573006629944,
    0.7606321573257446,
    0.7589743733406067,
    0.7604464888572693,
    0.7620275020599365,
    0.7661476135253906,
    0.7661963701248169,
    0.7668303847312927,
    0.7673352360725403,
    0.7659391164779663,
    0.7684813737869263
  ],
  "recall": [
    0.10701598227024078,
    0.5603907704353333,
    0.5888099670410156,
    0.5919182896614075,
    0.5916962623596191,
    0.5943605899810791,
    0.5914742350578308,
    0.596802830696106,
    0.5912522077560425,
    0.5859236121177673,
    0.587699830532074,
    0.5914742350578308,
    0.5899200439453125,
    0.5908081531524658,
    0.5899200439453125,
    0.5908081531524658,
    0.5892540216445923,
    0.5945826172828674,
    0.5921403169631958,
    0.595470666885376
  ],
  "val_loss": [
    0.38525620102882385,
    0.3272680640220642,
    0.3250320851802826,
    0.3223968744277954,
    0.3209383189678192,
    0.32306769490242004,
    0.32160571217536926,
    0.3211691975593567,
    0.31952786445617676,
    0.32029756903648376,
    0.32026591897010803,
    0.3216889798641205,
    0.3202036917209625,
    0.3200160562992096,
    0.3232734203338623,
    0.3198646605014801,
    0.32062897086143494,
    0.3209020495414734,
    0.3205941915512085,
    0.31999194622039795
  ],
  "val_precision": [
    0.7018813490867615,
    0.7482805848121643,
    0.7469553351402283,
    0.7402088642120361,
    0.758526623249054,
    0.7297297120094299,
    0.7614424228668213,
    0.7386804819107056,
    0.7580214142799377,
    0.7614555358886719,
    0.7581080794334412,
    0.7621023654937744,
    0.7581080794334412,
    0.7560321688652039,
    0.7450722455978394,
    0.7585734128952026,
    0.7424441576004028,
    0.7543859481811523,
    0.7661064267158508,
    0.7605442404747009
  ],
  "val_recall": [
    0.5025906562805176,
    0.5637305974960327,
    0.5720207095146179,
    0.5875647664070129,
    0.5761657953262329,
    0.6155440211296082,
    0.5689119100570679,
    0.5917098522186279,
    0.5875647664070129,
    0.5854922533035278,
    0.5813471674919128,
    0.5709844827651978,
    0.5813471674919128,
    0.5844559669494629,
    0.5875647664070129,
    0.5730569958686829,
    0.5854922533035278,
    0.579274594783783,
    0.5668393969535828,
    0.579274594783783
  ]
}