{
  "loss": [
    0.3469257056713104,
    0.24552248418331146,
    0.23695309460163116,
    0.23515865206718445,
    0.2341894805431366
  ],
  "precision": [
    0.0,
    0.0,
    0.0,
    0.0,
    0.0
  ],
  "recall": [
    0.0,
    0.0,
    0.0,
    0.0,
    0.0
  ],
  "val_loss": [
    0.25471031665802,
    0.23238685727119446,
    0.22639100253582,
    0.22638362646102905,
    0.22656628489494324
  ],
  "val_precision": [
    0.0,
    0.0,
    0.0,
    0.0,
    0.0
  ],
  "val_recall": [
    0.0,
    0.0,
    0.0,
    0.0,
    0.0
  ]
}