{
  "loss": [
    0.33448514342308044,
    0.07058829069137573,
    0.061930857598781586,
    0.05414847657084465,
    0.0500691756606102
  ],
  "precision": [
    0.014245014637708664,
    0.0,
    0.75,
    0.5487805008888245,
    0.6092715263366699
  ],
  "recall": [
    0.03267974033951759,
    0.0,
    0.009803921915590763,
    0.14705882966518402,
    0.3006536066532135
  ],
  "val_loss": [
    0.03620951622724533,
    0.034355975687503815,
    0.030940890312194824,
    0.029528435319662094,
    0.02826829068362713
  ],
  "val_precision": [
    0.0,
    0.0,
    0.1666666716337204,
    0.34375,
    0.4237288236618042
  ],
  "val_recall": [
    0.0,
    0.0,
    0.015384615398943424,
    0.3384615480899811,
    0.38461539149284363
  ]
}