{
  "loss": [
    0.5126200914382935,
    0.36090990900993347,
    0.3463138937950134,
    0.3416387438774109,
    0.33799630403518677
  ],
  "precision": [
    0.6066470146179199,
    0.7164273858070374,
    0.7422353029251099,
    0.7470139861106873,
    0.7513749003410339
  ],
  "recall": [
    0.3319903314113617,
    0.7811672687530518,
    0.7537699937820435,
    0.7559571862220764,
    0.7549211382865906
  ],
  "val_loss": [
    0.26680678129196167,
    0.23433083295822144,
    0.21724717319011688,
    0.24519221484661102,
    0.2217673361301422
  ],
  "val_precision": [
    0.07195401936769485,
    0.10837817192077637,
    0.11782742291688919,
    0.11142625659704208,
    0.11929507553577423
  ],
  "val_recall": [
    0.8892045617103577,
    0.8011363744735718,
    0.7642045617103577,
    0.78125,
    0.75
  ]
}