{
  "loss": [
    0.13078846037387848,
    0.06840269267559052,
    0.06717396527528763,
    0.06681401282548904,
    0.06625006347894669
  ],
  "precision": [
    0.9624066352844238,
    0.9595887660980225,
    0.9596288800239563,
    0.9598594903945923,
    0.9597508907318115
  ],
  "recall": [
    0.985659658908844,
    0.9978272318840027,
    0.9978272318840027,
    0.9975664615631104,
    0.997870683670044
  ],
  "val_loss": [
    0.11231877654790878,
    0.10917313396930695,
    0.13032810389995575,
    0.08648642897605896,
    0.07995165884494781
  ],
  "val_precision": [
    0.39456233382225037,
    0.39456233382225037,
    0.3786531090736389,
    0.39587491750717163,
    0.39587491750717163
  ],
  "val_recall": [
    0.9966499209403992,
    0.9966499209403992,
    0.9983249306678772,
    0.9966499209403992,
    0.9966499209403992
  ]
}