{
  "loss": [
    0.18573454022407532,
    0.07558256387710571,
    0.07486861944198608,
    0.07479743659496307,
    0.0744679644703865
  ],
  "precision": [
    0.7602459192276001,
    0.760869562625885,
    0.7620927691459656,
    0.7615763545036316,
    0.7613412141799927
  ],
  "recall": [
    0.33788707852363586,
    0.7012750506401062,
    0.7030965685844421,
    0.7040072679519653,
    0.7030965685844421
  ],
  "val_loss": [
    0.037952061742544174,
    0.03827401250600815,
    0.040314655750989914,
    0.04037106782197952,
    0.03838738054037094
  ],
  "val_precision": [
    0.3479452133178711,
    0.35013261437416077,
    0.35013261437416077,
    0.35013261437416077,
    0.35013261437416077
  ],
  "val_recall": [
    0.7055555582046509,
    0.7333333492279053,
    0.7333333492279053,
    0.7333333492279053,
    0.7333333492279053
  ]
}