{
  "loss": [
    0.4071793556213379,
    0.3406726121902466,
    0.33615246415138245,
    0.3341759145259857,
    0.3337508738040924
  ],
  "precision": [
    0.6879217028617859,
    0.7020363211631775,
    0.7043081521987915,
    0.7078457474708557,
    0.7077395915985107
  ],
  "recall": [
    0.5985956192016602,
    0.8096005320549011,
    0.799815833568573,
    0.8007367253303528,
    0.7947507500648499
  ],
  "val_loss": [
    0.2523491084575653,
    0.23878510296344757,
    0.24910756945610046,
    0.2338840365409851,
    0.2457621842622757
  ],
  "val_precision": [
    0.10070384293794632,
    0.12399119883775711,
    0.11737246066331863,
    0.12385823577642441,
    0.11798319220542908
  ],
  "val_recall": [
    0.8397291302680969,
    0.7629796862602234,
    0.7945823669433594,
    0.765237033367157,
    0.7923250794410706
  ]
}