{
  "loss": [
    0.14555947482585907,
    0.0636429488658905,
    0.05783359706401825,
    0.05652424320578575,
    0.05395618453621864
  ],
  "precision": [
    0.0,
    0.42105263471603394,
    0.5267175436019897,
    0.591549277305603,
    0.6131386756896973
  ],
  "recall": [
    0.0,
    0.026143791154026985,
    0.22549019753932953,
    0.27450981736183167,
    0.27450981736183167
  ],
  "val_loss": [
    0.056754741817712784,
    0.051367245614528656,
    0.04834909737110138,
    0.046658508479595184,
    0.045741960406303406
  ],
  "val_precision": [
    0.0,
    0.4000000059604645,
    0.4285714328289032,
    0.5,
    0.53125
  ],
  "val_recall": [
    0.0,
    0.0615384615957737,
    0.13846154510974884,
    0.20000000298023224,
    0.26153847575187683
  ]
}