{
  "loss": [
    0.40542829036712646,
    0.33230629563331604,
    0.32040271162986755,
    0.3106897175312042,
    0.3010028600692749
  ],
  "precision": [
    0.8412771224975586,
    0.8461836576461792,
    0.8517690300941467,
    0.8575745820999146,
    0.8653861284255981
  ],
  "recall": [
    0.6901940107345581,
    0.8235071897506714,
    0.8341511487960815,
    0.8354344367980957,
    0.8434362411499023
  ],
  "val_loss": [
    0.3395433723926544,
    0.3063742220401764,
    0.21678735315799713,
    0.2690487205982208,
    0.2478945106267929
  ],
  "val_precision": [
    0.14944183826446533,
    0.1706414520740509,
    0.19524040818214417,
    0.1787852793931961,
    0.20225822925567627
  ],
  "val_recall": [
    0.8333333134651184,
    0.8333333134651184,
    0.8072289228439331,
    0.8393574357032776,
    0.827309250831604
  ]
}