{
  "loss": [
    0.10242392122745514,
    0.005321118980646133,
    0.005214604549109936,
    0.005215478129684925,
    0.00521129509434104
  ],
  "precision": [
    0.0,
    0.0,
    0.0,
    0.0,
    0.0
  ],
  "recall": [
    0.0,
    0.0,
    0.0,
    0.0,
    0.0
  ],
  "val_loss": [
    0.0013281992869451642,
    0.0010913467267528176,
    0.0009416008833795786,
    0.0010486574610695243,
    0.0009494430269114673
  ],
  "val_precision": [
    0.0,
    0.0,
    0.0,
    0.0,
    0.0
  ],
  "val_recall": [
    0.0,
    0.0,
    0.0,
    0.0,
    0.0
  ]
}