{
  "loss": [
    0.5453483462333679,
    0.5085917115211487,
    0.5014442205429077,
    0.49363917112350464,
    0.48775535821914673
  ],
  "precision": [
    0.7234066724777222,
    0.723289430141449,
    0.7269819378852844,
    0.7316944599151611,
    0.7315583229064941
  ],
  "recall": [
    0.7196633815765381,
    0.7772091627120972,
    0.7753894925117493,
    0.7904014587402344,
    0.7968270182609558
  ],
  "val_loss": [
    0.540350079536438,
    0.434100866317749,
    0.5000336766242981,
    0.450957328081131,
    0.4722837805747986
  ],
  "val_precision": [
    0.11473196744918823,
    0.12236286699771881,
    0.10641835629940033,
    0.11211573332548141,
    0.1104084774851799
  ],
  "val_recall": [
    0.771725058555603,
    0.7522698044776917,
    0.8300908207893372,
    0.8041504621505737,
    0.8378728628158569
  ]
}