{
  "loss": [
    0.15427431464195251,
    0.05593068525195122,
    0.04948485270142555,
    0.04737994447350502,
    0.04558724910020828
  ],
  "precision": [
    0.09090909361839294,
    0.42352941632270813,
    0.5875706076622009,
    0.6684492230415344,
    0.6938775777816772
  ],
  "recall": [
    0.003267973894253373,
    0.11764705926179886,
    0.33986929059028625,
    0.4084967374801636,
    0.4444444477558136
  ],
  "val_loss": [
    0.0405244305729866,
    0.030914809554815292,
    0.02981342002749443,
    0.0294398944824934,
    0.027624502778053284
  ],
  "val_precision": [
    0.0,
    0.3243243098258972,
    0.5121951103210449,
    0.5531914830207825,
    0.5833333134651184
  ],
  "val_recall": [
    0.0,
    0.1846153885126114,
    0.32307693362236023,
    0.4000000059604645,
    0.32307693362236023
  ]
}