{
  "loss": [
    0.2129535675048828,
    0.10429833829402924,
    0.10134047269821167,
    0.101158507168293,
    0.0989338830113411
  ],
  "precision": [
    0.9213973879814148,
    0.9168025851249695,
    0.9159935116767883,
    0.9154704809188843,
    0.9141494631767273
  ],
  "recall": [
    0.1658805012702942,
    0.44182389974594116,
    0.4457547068595886,
    0.4512578547000885,
    0.4520440399646759
  ],
  "val_loss": [
    0.04524889215826988,
    0.03945135325193405,
    0.03312930837273598,
    0.047136902809143066,
    0.03530992567539215
  ],
  "val_precision": [
    0.1764705926179886,
    0.1666666716337204,
    0.17391304671764374,
    0.1599999964237213,
    0.1666666716337204
  ],
  "val_recall": [
    0.5714285969734192,
    0.5714285969734192,
    0.5714285969734192,
    0.5714285969734192,
    0.5714285969734192
  ]
}