{
  "loss": [
    0.5088257789611816,
    0.4010467827320099,
    0.3921305239200592,
    0.3852449655532837,
    0.38100796937942505
  ],
  "precision": [
    0.8050518035888672,
    0.8147574663162231,
    0.8149719834327698,
    0.8147910237312317,
    0.8208437561988831
  ],
  "recall": [
    0.656827986240387,
    0.7543594837188721,
    0.7684003710746765,
    0.7668151259422302,
    0.7681739330291748
  ],
  "val_loss": [
    0.34599021077156067,
    0.31260958313941956,
    0.2847118079662323,
    0.29216161370277405,
    0.30018284916877747
  ],
  "val_precision": [
    0.20811359584331512,
    0.19545288383960724,
    0.21303986012935638,
    0.19977211952209473,
    0.22082972526550293
  ],
  "val_recall": [
    0.7588757276535034,
    0.7884615659713745,
    0.7588757276535034,
    0.7781065106391907,
    0.7559171319007874
  ]
}