{
  "loss": [
    0.31495901942253113,
    0.2536580264568329,
    0.25181862711906433,
    0.2508555054664612,
    0.25005608797073364
  ],
  "precision": [
    0.7523252367973328,
    0.7329743504524231,
    0.7311934232711792,
    0.7289308905601501,
    0.7273808717727661
  ],
  "recall": [
    0.7891772389411926,
    0.9721384048461914,
    0.9669080376625061,
    0.9848119020462036,
    0.9841078519821167
  ],
  "val_loss": [
    0.25025779008865356,
    0.22920122742652893,
    0.24764008820056915,
    0.22466181218624115,
    0.22890222072601318
  ],
  "val_precision": [
    0.35865455865859985,
    0.35865455865859985,
    0.3617427945137024,
    0.3617427945137024,
    0.3617427945137024
  ],
  "val_recall": [
    0.9984219074249268,
    0.9984219074249268,
    0.9957916736602783,
    0.9957916736602783,
    0.9957916736602783
  ]
}