{
  "loss": [
    0.14532873034477234,
    0.038926657289266586,
    0.03596636280417442,
    0.035723619163036346,
    0.03552238643169403
  ],
  "precision": [
    0.0,
    0.0,
    0.0,
    0.0,
    0.0
  ],
  "recall": [
    0.0,
    0.0,
    0.0,
    0.0,
    0.0
  ],
  "val_loss": [
    0.04510011151432991,
    0.03627757355570793,
    0.03601798787713051,
    0.034269001334905624,
    0.03465333208441734
  ],
  "val_precision": [
    0.0,
    0.0,
    0.0,
    0.0,
    0.0
  ],
  "val_recall": [
    0.0,
    0.0,
    0.0,
    0.0,
    0.0
  ]
}