{
  "loss": [
    0.3398101329803467,
    0.32309725880622864,
    0.32234999537467957,
    0.3224308490753174,
    0.32143646478652954
  ],
  "precision": [
    0.876834511756897,
    0.8817559480667114,
    0.8817608952522278,
    0.8817505836486816,
    0.8817487955093384
  ],
  "recall": [
    0.9965461492538452,
    0.9975245594978333,
    0.9975717067718506,
    0.9977367520332336,
    0.9978074431419373
  ],
  "val_loss": [
    1.085179090499878,
    1.1460455656051636,
    0.915463387966156,
    1.129013180732727,
    1.0638232231140137
  ],
  "val_precision": [
    0.2184973806142807,
    0.21857663989067078,
    0.21859395503997803,
    0.21858659386634827,
    0.21858659386634827
  ],
  "val_recall": [
    0.9978284239768982,
    0.9981903433799744,
    0.9981903433799744,
    0.9985523223876953,
    0.9985523223876953
  ]
}