{
  "loss": [
    0.21238194406032562,
    0.08046315610408783,
    0.07456468045711517,
    0.07432945817708969,
    0.07419062405824661
  ],
  "precision": [
    0.1666666716337204,
    0.0,
    0.0,
    0.0,
    0.0
  ],
  "recall": [
    0.002314814832061529,
    0.0,
    0.0,
    0.0,
    0.0
  ],
  "val_loss": [
    0.09843564033508301,
    0.07626271992921829,
    0.07617512345314026,
    0.07523999363183975,
    0.07483868300914764
  ],
  "val_precision": [
    0.0,
    0.0,
    0.0,
    0.0,
    0.0
  ],
  "val_recall": [
    0.0,
    0.0,
    0.0,
    0.0,
    0.0
  ]
}