{
  "loss": [
    0.18140177428722382,
    0.06473872810602188,
    0.05953679978847504,
    0.058439865708351135,
    0.05739009007811546
  ],
  "precision": [
    0.1538461595773697,
    0.6083333492279053,
    0.5631470084190369,
    0.5522124171257019,
    0.5717092156410217
  ],
  "recall": [
    0.0031152646988630295,
    0.11370716243982315,
    0.4236760139465332,
    0.4859813153743744,
    0.4532710313796997
  ],
  "val_loss": [
    0.03926930949091911,
    0.03544461354613304,
    0.02999875508248806,
    0.026516037061810493,
    0.02851438894867897
  ],
  "val_precision": [
    0.0,
    0.14134275913238525,
    0.13504822552204132,
    0.14754098653793335,
    0.1433447152376175
  ],
  "val_recall": [
    0.0,
    0.5479452013969421,
    0.5753424763679504,
    0.4931506812572479,
    0.5753424763679504
  ]
}