{
  "loss": [
    0.3913155496120453,
    0.04666760936379433,
    0.028337042778730392,
    0.024601588025689125,
    0.022542467340826988,
    0.021149374544620514,
    0.020061295479536057,
    0.01927526295185089,
    0.0187230221927166,
    0.018275324255228043,
    0.017926625907421112,
    0.01762930303812027,
    0.017391616478562355,
    0.01713566482067108,
    0.01696370355784893,
    0.016736799851059914,
    0.016558414325118065,
    0.016362175345420837,
    0.016248077154159546,
    0.01609191484749317
  ],
  "precision": [
    0.0038885287940502167,
    0.0,
    0.0,
    0.0,
    0.0,
    0.0,
    0.0,
    0.0,
    0.0,
    0.5,
    0.8571428656578064,
    0.8181818127632141,
    0.8571428656578064,
    0.8125,
    0.8235294222831726,
    0.7777777910232544,
    0.7894737124443054,
    0.800000011920929,
    0.8095238208770752,
    0.807692289352417
  ],
  "recall": [
    0.0882352963089943,
    0.0,
    0.0,
    0.0,
    0.0,
    0.0,
    0.0,
    0.0,
    0.0,
    0.014705882407724857,
    0.0882352963089943,
    0.13235294818878174,
    0.1764705926179886,
    0.19117647409439087,
    0.20588235557079315,
    0.20588235557079315,
    0.22058823704719543,
    0.23529411852359772,
    0.25,
    0.30882352590560913
  ],
  "val_loss": [
    0.08507315069437027,
    0.030938085168600082,
    0.0252374317497015,
    0.022929752245545387,
    0.021629072725772858,
    0.02066991478204727,
    0.020195912569761276,
    0.019940996542572975,
    0.01992841809988022,
    0.0199273694306612,
    0.01993712969124317,
    0.019986649975180626,
    0.019974038004875183,
    0.020115656778216362,
    0.020189417526125908,
    0.020125508308410645,
    0.02029477059841156,
    0.020369593054056168,
    0.020453786477446556,
    0.02042424865067005
  ],
  "val_precision": [
    0.0,
    0.0,
    0.0,
    0.0,
    0.0,
    0.0,
    0.0,
    0.0,
    0.0,
    1.0,
    1.0,
    1.0,
    1.0,
    0.6666666865348816,
    0.6666666865348816,
    0.6666666865348816,
    0.6666666865348816,
    0.6666666865348816,
    0.6666666865348816,
    0.6666666865348816
  ],
  "val_recall": [
    0.0,
    0.0,
    0.0,
    0.0,
    0.0,
    0.0,
    0.0,
    0.0,
    0.0,
    0.0714285746216774,
    0.1428571492433548,
    0.1428571492433548,
    0.1428571492433548,
    0.1428571492433548,
    0.1428571492433548,
    0.1428571492433548,
    0.1428571492433548,
    0.1428571492433548,
    0.1428571492433548,
    0.1428571492433548
  ]
}