{
  "loss": [
    0.21698033809661865,
    0.023584390059113503,
    0.02130068838596344,
    0.02009597048163414,
    0.019424645230174065,
    0.018498312681913376,
    0.017882267013192177,
    0.017255470156669617,
    0.016684718430042267,
    0.01637209579348564,
    0.015998192131519318,
    0.01606224663555622,
    0.015317637473344803,
    0.014999760314822197,
    0.014901261776685715,
    0.014771719463169575,
    0.014706024900078773,
    0.014540969394147396,
    0.014261949807405472,
    0.014394785277545452
  ],
  "precision": [
    0.01744186133146286,
    0.0,
    0.0,
    0.0,
    1.0,
    0.6666666865348816,
    0.6818181872367859,
    0.7333333492279053,
    0.774193525314331,
    0.78125,
    0.800000011920929,
    0.8125,
    0.8235294222831726,
    0.8333333134651184,
    0.8285714387893677,
    0.8333333134651184,
    0.8108108043670654,
    0.8571428656578064,
    0.8571428656578064,
    0.90625
  ],
  "recall": [
    0.04411764815449715,
    0.0,
    0.0,
    0.0,
    0.029411764815449715,
    0.11764705926179886,
    0.22058823704719543,
    0.3235294222831726,
    0.3529411852359772,
    0.36764705181121826,
    0.4117647111415863,
    0.38235294818878174,
    0.4117647111415863,
    0.44117647409439087,
    0.4264705777168274,
    0.44117647409439087,
    0.44117647409439087,
    0.44117647409439087,
    0.44117647409439087,
    0.4264705777168274
  ],
  "val_loss": [
    0.025400441139936447,
    0.02247571386396885,
    0.021491387858986855,
    0.021707808598876,
    0.02152346260845661,
    0.0220625177025795,
    0.022425048053264618,
    0.023616943508386612,
    0.023561904206871986,
    0.024567004293203354,
    0.02443239651620388,
    0.024993618950247765,
    0.02638843096792698,
    0.025674549862742424,
    0.02681477926671505,
    0.027374859899282455,
    0.027983572334051132,
    0.026993392035365105,
    0.027993546798825264,
    0.027884822338819504
  ],
  "val_precision": [
    0.0,
    0.0,
    0.0,
    0.0,
    0.0,
    1.0,
    0.25,
    0.5,
    0.25,
    0.1666666716337204,
    0.1428571492433548,
    0.1666666716337204,
    0.20000000298023224,
    0.25,
    0.20000000298023224,
    0.20000000298023224,
    0.25,
    0.1666666716337204,
    0.1428571492433548,
    0.3333333432674408
  ],
  "val_recall": [
    0.0,
    0.0,
    0.0,
    0.0,
    0.0,
    0.0714285746216774,
    0.0714285746216774,
    0.0714285746216774,
    0.0714285746216774,
    0.0714285746216774,
    0.0714285746216774,
    0.0714285746216774,
    0.0714285746216774,
    0.0714285746216774,
    0.0714285746216774,
    0.0714285746216774,
    0.0714285746216774,
    0.0714285746216774,
    0.0714285746216774,
    0.0714285746216774
  ]
}