{
  "loss": [
    0.19910410046577454,
    0.10180427134037018,
    0.09994988143444061,
    0.09873636811971664,
    0.09764697402715683
  ],
  "precision": [
    0.6927427053451538,
    0.714961588382721,
    0.7322540283203125,
    0.7341772317886353,
    0.739629864692688
  ],
  "recall": [
    0.44170671701431274,
    0.7265625,
    0.7067307829856873,
    0.6971153616905212,
    0.6965144276618958
  ],
  "val_loss": [
    0.06343451887369156,
    0.06107810139656067,
    0.0775536298751831,
    0.05940438061952591,
    0.06489419937133789
  ],
  "val_precision": [
    0.300936758518219,
    0.342771977186203,
    0.3002336323261261,
    0.3665594756603241,
    0.3652312457561493
  ],
  "val_recall": [
    0.7427745461463928,
    0.6647399067878723,
    0.7427745461463928,
    0.6589595079421997,
    0.6618497371673584
  ]
}