{
  "loss": [
    0.5188938975334167,
    0.5016389489173889,
    0.5012082457542419,
    0.5009361505508423,
    0.5007944107055664
  ],
  "precision": [
    0.760187029838562,
    0.7644460797309875,
    0.7641715407371521,
    0.7634177207946777,
    0.7633192539215088
  ],
  "recall": [
    0.9747086763381958,
    0.9731969833374023,
    0.9745218753814697,
    0.9770357012748718,
    0.97683185338974
  ],
  "val_loss": [
    1.0376560688018799,
    0.8956078886985779,
    0.8446213006973267,
    0.913214921951294,
    0.8571122288703918
  ],
  "val_precision": [
    0.25610625743865967,
    0.2562046945095062,
    0.2837802469730377,
    0.2562046945095062,
    0.2562046945095062
  ],
  "val_recall": [
    0.9781970381736755,
    0.9781970381736755,
    0.9096435904502869,
    0.9781970381736755,
    0.9781970381736755
  ]
}