{
  "loss": [
    0.3677772879600525,
    0.1337081342935562,
    0.12268321961164474,
    0.11490850895643234,
    0.11076492071151733
  ],
  "precision": [
    0.029906542971730232,
    0.0,
    0.0,
    0.0,
    0.0
  ],
  "recall": [
    0.024922117590904236,
    0.0,
    0.0,
    0.0,
    0.0
  ],
  "val_loss": [
    0.1363593190908432,
    0.12266383320093155,
    0.11397794634103775,
    0.10915246605873108,
    0.10736296325922012
  ],
  "val_precision": [
    0.0,
    0.0,
    0.0,
    0.0,
    0.0
  ],
  "val_recall": [
    0.0,
    0.0,
    0.0,
    0.0,
    0.0
  ]
}