{
  "loss": [
    0.4021952748298645,
    0.36153149604797363,
    0.3596503436565399,
    0.3583553433418274,
    0.3578137159347534
  ],
  "precision": [
    0.7527589797973633,
    0.7549940347671509,
    0.7538717985153198,
    0.7546398043632507,
    0.7532490491867065
  ],
  "recall": [
    0.9290398359298706,
    0.959643542766571,
    0.9631186723709106,
    0.9617734551429749,
    0.9648562073707581
  ],
  "val_loss": [
    0.39648762345314026,
    0.3340272009372711,
    0.3711487352848053,
    0.35889771580696106,
    0.34518831968307495
  ],
  "val_precision": [
    0.40798333287239075,
    0.42694395780563354,
    0.42462342977523804,
    0.4247220456600189,
    0.42481350898742676
  ],
  "val_recall": [
    0.9768396615982056,
    0.944884181022644,
    0.9504544138908386,
    0.9519202709197998,
    0.9516270756721497
  ]
}