{
  "loss": [
    0.34001851081848145,
    0.274030476808548,
    0.2727166712284088,
    0.27238205075263977,
    0.2718139588832855
  ],
  "precision": [
    0.6625586748123169,
    0.6562358140945435,
    0.6497679352760315,
    0.6499029397964478,
    0.6591233015060425
  ],
  "recall": [
    0.7300827503204346,
    0.9357216954231262,
    0.9415416717529297,
    0.9526642560958862,
    0.8965339064598083
  ],
  "val_loss": [
    0.2522308826446533,
    0.23258793354034424,
    0.2372124195098877,
    0.23011304438114166,
    0.22581566870212555
  ],
  "val_precision": [
    0.23602019250392914,
    0.23602019250392914,
    0.23602019250392914,
    0.23593194782733917,
    0.23593194782733917
  ],
  "val_recall": [
    0.9960536956787109,
    0.9960536956787109,
    0.9960536956787109,
    0.9960536956787109,
    0.9960536956787109
  ]
}