{
  "loss": [
    0.36376437544822693,
    0.0997166857123375,
    0.09174040704965591,
    0.08985905349254608,
    0.08933115750551224
  ],
  "precision": [
    0.11484099179506302,
    0.8096551895141602,
    0.8158236145973206,
    0.8172458410263062,
    0.8159587979316711
  ],
  "recall": [
    0.051100630313158035,
    0.46147799491882324,
    0.4944968521595001,
    0.499213844537735,
    0.4984276592731476
  ],
  "val_loss": [
    0.04325009509921074,
    0.04638377204537392,
    0.04590153321623802,
    0.0517287477850914,
    0.04858162999153137
  ],
  "val_precision": [
    0.12162162363529205,
    0.08163265138864517,
    0.08374384045600891,
    0.0833333358168602,
    0.0833333358168602
  ],
  "val_recall": [
    0.2195121943950653,
    0.39024388790130615,
    0.4146341383457184,
    0.4146341383457184,
    0.4146341383457184
  ]
}