{
  "loss": [
    0.20913013815879822,
    0.14826937019824982,
    0.14742252230644226,
    0.14640966057777405,
    0.14625421166419983
  ],
  "precision": [
    0.9385305643081665,
    0.9376274347305298,
    0.9369463324546814,
    0.9345661401748657,
    0.9365454316139221
  ],
  "recall": [
    0.9349647760391235,
    0.9507766366004944,
    0.951447069644928,
    0.9544082880020142,
    0.9524527788162231
  ],
  "val_loss": [
    0.14253343641757965,
    0.15192383527755737,
    0.196798175573349,
    0.1613246649503708,
    0.14603522419929504
  ],
  "val_precision": [
    0.5225140452384949,
    0.5217798352241516,
    0.5070230960845947,
    0.5212915539741516,
    0.522024393081665
  ],
  "val_recall": [
    0.9472789168357849,
    0.9472789168357849,
    0.9515306353569031,
    0.9472789168357849,
    0.9472789168357849
  ]
}