{
  "global": {
    "total_events_generated": 81258,
    "mean_events_per_row": 0.020903766732300176,
    "std_events_per_row": 0.14306222166841137,
    "max_events_per_row": 1,
    "p95_events_per_row": 0.0,
    "empty_rows_ratio": 0.9790962332676998,
    "nonempty_rows_ratio": 0.020903766732300176,
    "n_event_types_catalog": 90,
    "n_event_types_observed": 87,
    "catalog_coverage_ratio": 0.9666666666666667,
    "effective_catalog_unused_ratio": 0.033333333333333326,
    "rare_event_count": 3754,
    "rare_event_ratio": 0.04619852814492111,
    "rare_event_types_observed": 16,
    "rare_event_type_ratio": 0.1839080459770115,
    "top1_event_ratio": 0.06913780796967683,
    "top5_event_ratio": 0.33516699894164265,
    "event_entropy": 3.3336158145220445,
    "normalized_event_entropy": 0.7464586655057163,
    "n_consecutive_steps": 3887230,
    "consecutive_ratio": 0.9999971702294764,
    "n_broken_steps": 11,
    "broken_ratio": 2.829770523618165e-06,
    "n_level_events": 0,
    "n_unique_level_types_observed": 0,
    "n_measures_total": 1,
    "n_eventless_measures": 0,
    "eventless_measure_ratio": 0.0,
    "n_non_eventless_measures": 1,
    "non_eventless_measure_ratio": 1.0,
    "n_measures_with_high_rare_events": 1,
    "n_measures_with_low_rare_events": 1,
    "high_rare_measure_ratio": 1.0,
    "low_rare_measure_ratio": 1.0,
    "high_rare_event_count": 2373,
    "low_rare_event_count": 1381,
    "high_rare_event_ratio": 0.02920327844642989,
    "low_rare_event_ratio": 0.016995249698491227,
    "events_per_million_rows": 20903.766732300177,
    "n_transition_events": 81258,
    "n_unique_transition_types_observed": 87,
    "transition_coverage_ratio": 0.9666666666666667,
    "jump_size_mean": 1.2592852396071772,
    "jump_size_std": 0.7536052908457196,
    "pct_jump_eq_1": 0.8537620911171823,
    "pct_jump_ge_2": 0.14623790888281768,
    "pct_jump_ge_3": 0.06405523148489994,
    "f02_quality_score": 0.8426589519146713,
    "activity_flag": "ok",
    "diversity_flag": "ok",
    "catalog_flag": "ok",
    "dominance_flag": "ok",
    "continuity_flag": "warning",
    "measure_coverage_flag": "ok",
    "f02_gate_status": "warning"
  },
  "event_frequency": {
    "51": {
      "event_name": "PVPCS_Active_Power_50_60-to-60_70",
      "count": 5618
    },
    "61": {
      "event_name": "PVPCS_Active_Power_60_70-to-70_80",
      "count": 5465
    },
    "41": {
      "event_name": "PVPCS_Active_Power_40_50-to-50_60",
      "count": 5443
    },
    "60": {
      "event_name": "PVPCS_Active_Power_60_70-to-50_60",
      "count": 5432
    },
    "70": {
      "event_name": "PVPCS_Active_Power_70_80-to-60_70",
      "count": 5277
    },
    "50": {
      "event_name": "PVPCS_Active_Power_50_60-to-40_50",
      "count": 5177
    },
    "31": {
      "event_name": "PVPCS_Active_Power_30_40-to-40_50",
      "count": 4854
    },
    "40": {
      "event_name": "PVPCS_Active_Power_40_50-to-30_40",
      "count": 4601
    },
    "71": {
      "event_name": "PVPCS_Active_Power_70_80-to-80_90",
      "count": 4567
    },
    "80": {
      "event_name": "PVPCS_Active_Power_80_90-to-70_80",
      "count": 4410
    },
    "21": {
      "event_name": "PVPCS_Active_Power_20_30-to-30_40",
      "count": 4053
    },
    "30": {
      "event_name": "PVPCS_Active_Power_30_40-to-20_30",
      "count": 3869
    },
    "11": {
      "event_name": "PVPCS_Active_Power_10_20-to-20_30",
      "count": 2540
    },
    "20": {
      "event_name": "PVPCS_Active_Power_20_30-to-10_20",
      "count": 2490
    },
    "81": {
      "event_name": "PVPCS_Active_Power_80_90-to-90_100",
      "count": 1489
    },
    "90": {
      "event_name": "PVPCS_Active_Power_90_100-to-80_90",
      "count": 1437
    },
    "1": {
      "event_name": "PVPCS_Active_Power_0_10-to-10_20",
      "count": 1329
    },
    "10": {
      "event_name": "PVPCS_Active_Power_10_20-to-0_10",
      "count": 1324
    },
    "52": {
      "event_name": "PVPCS_Active_Power_50_60-to-70_80",
      "count": 805
    },
    "69": {
      "event_name": "PVPCS_Active_Power_70_80-to-50_60",
      "count": 777
    },
    "49": {
      "event_name": "PVPCS_Active_Power_50_60-to-30_40",
      "count": 693
    },
    "32": {
      "event_name": "PVPCS_Active_Power_30_40-to-50_60",
      "count": 634
    },
    "42": {
      "event_name": "PVPCS_Active_Power_40_50-to-60_70",
      "count": 530
    },
    "59": {
      "event_name": "PVPCS_Active_Power_60_70-to-40_50",
      "count": 524
    },
    "62": {
      "event_name": "PVPCS_Active_Power_60_70-to-80_90",
      "count": 460
    },
    "39": {
      "event_name": "PVPCS_Active_Power_40_50-to-20_30",
      "count": 444
    },
    "22": {
      "event_name": "PVPCS_Active_Power_20_30-to-40_50",
      "count": 441
    },
    "79": {
      "event_name": "PVPCS_Active_Power_80_90-to-60_70",
      "count": 424
    },
    "72": {
      "event_name": "PVPCS_Active_Power_70_80-to-90_100",
      "count": 358
    },
    "89": {
      "event_name": "PVPCS_Active_Power_90_100-to-70_80",
      "count": 355
    },
    "43": {
      "event_name": "PVPCS_Active_Power_40_50-to-70_80",
      "count": 313
    },
    "68": {
      "event_name": "PVPCS_Active_Power_70_80-to-40_50",
      "count": 309
    },
    "78": {
      "event_name": "PVPCS_Active_Power_80_90-to-50_60",
      "count": 297
    },
    "48": {
      "event_name": "PVPCS_Active_Power_50_60-to-20_30",
      "count": 297
    },
    "33": {
      "event_name": "PVPCS_Active_Power_30_40-to-60_70",
      "count": 279
    },
    "53": {
      "event_name": "PVPCS_Active_Power_50_60-to-80_90",
      "count": 250
    },
    "58": {
      "event_name": "PVPCS_Active_Power_60_70-to-30_40",
      "count": 243
    },
    "23": {
      "event_name": "PVPCS_Active_Power_20_30-to-50_60",
      "count": 240
    },
    "67": {
      "event_name": "PVPCS_Active_Power_70_80-to-30_40",
      "count": 212
    },
    "88": {
      "event_name": "PVPCS_Active_Power_90_100-to-60_70",
      "count": 207
    },
    "63": {
      "event_name": "PVPCS_Active_Power_60_70-to-90_100",
      "count": 192
    },
    "34": {
      "event_name": "PVPCS_Active_Power_30_40-to-70_80",
      "count": 190
    },
    "87": {
      "event_name": "PVPCS_Active_Power_90_100-to-50_60",
      "count": 177
    },
    "77": {
      "event_name": "PVPCS_Active_Power_80_90-to-40_50",
      "count": 168
    },
    "54": {
      "event_name": "PVPCS_Active_Power_50_60-to-90_100",
      "count": 148
    },
    "57": {
      "event_name": "PVPCS_Active_Power_60_70-to-20_30",
      "count": 140
    },
    "24": {
      "event_name": "PVPCS_Active_Power_20_30-to-60_70",
      "count": 131
    },
    "44": {
      "event_name": "PVPCS_Active_Power_40_50-to-80_90",
      "count": 124
    },
    "66": {
      "event_name": "PVPCS_Active_Power_70_80-to-20_30",
      "count": 118
    },
    "76": {
      "event_name": "PVPCS_Active_Power_80_90-to-30_40",
      "count": 116
    },
    "35": {
      "event_name": "PVPCS_Active_Power_30_40-to-80_90",
      "count": 100
    },
    "29": {
      "event_name": "PVPCS_Active_Power_30_40-to-10_20",
      "count": 96
    },
    "25": {
      "event_name": "PVPCS_Active_Power_20_30-to-70_80",
      "count": 96
    },
    "45": {
      "event_name": "PVPCS_Active_Power_40_50-to-90_100",
      "count": 95
    },
    "12": {
      "event_name": "PVPCS_Active_Power_10_20-to-30_40",
      "count": 95
    },
    "86": {
      "event_name": "PVPCS_Active_Power_90_100-to-40_50",
      "count": 89
    },
    "85": {
      "event_name": "PVPCS_Active_Power_90_100-to-30_40",
      "count": 75
    },
    "75": {
      "event_name": "PVPCS_Active_Power_80_90-to-20_30",
      "count": 71
    },
    "36": {
      "event_name": "PVPCS_Active_Power_30_40-to-90_100",
      "count": 69
    },
    "38": {
      "event_name": "PVPCS_Active_Power_40_50-to-10_20",
      "count": 58
    },
    "13": {
      "event_name": "PVPCS_Active_Power_10_20-to-40_50",