{
  "loss": [
    0.1996745765209198,
    0.08859898895025253,
    0.08786879479885101,
    0.08759769052267075,
    0.08742329478263855
  ],
  "precision": [
    0.8685594201087952,
    0.8826957941055298,
    0.8826957941055298,
    0.8826530575752258,
    0.882889449596405
  ],
  "recall": [
    0.5816901326179504,
    0.8531690239906311,
    0.8531690239906311,
    0.8528168797492981,
    0.8521126508712769
  ],
  "val_loss": [
    0.05917952209711075,
    0.05438879504799843,
    0.056678611785173416,
    0.05663482844829559,
    0.05289367213845253
  ],
  "val_precision": [
    0.5091210603713989,
    0.5091210603713989,
    0.5091210603713989,
    0.5091210603713989,
    0.5091210603713989
  ],
  "val_recall": [
    0.8504155278205872,
    0.8504155278205872,
    0.8504155278205872,
    0.8504155278205872,
    0.8504155278205872
  ]
}