{
  "global": {
    "total_events_generated": 151199,
    "mean_events_per_row": 0.03889621484847097,
    "std_events_per_row": 0.19334761265382241,
    "max_events_per_row": 1,
    "p95_events_per_row": 0.0,
    "empty_rows_ratio": 0.961103785151529,
    "nonempty_rows_ratio": 0.03889621484847097,
    "n_event_types_catalog": 90,
    "n_event_types_observed": 43,
    "catalog_coverage_ratio": 0.4777777777777778,
    "effective_catalog_unused_ratio": 0.5222222222222221,
    "rare_event_count": 246,
    "rare_event_ratio": 0.0016269948875323249,
    "rare_event_types_observed": 5,
    "rare_event_type_ratio": 0.11627906976744186,
    "top1_event_ratio": 0.17310961051329704,
    "top5_event_ratio": 0.7689733397707657,
    "event_entropy": 2.072382527617918,
    "normalized_event_entropy": 0.5509897011251613,
    "n_consecutive_steps": 3887230,
    "consecutive_ratio": 0.9999971702294764,
    "n_broken_steps": 11,
    "broken_ratio": 2.829770523618165e-06,
    "n_level_events": 0,
    "n_unique_level_types_observed": 0,
    "n_measures_total": 1,
    "n_eventless_measures": 0,
    "eventless_measure_ratio": 0.0,
    "n_non_eventless_measures": 1,
    "non_eventless_measure_ratio": 1.0,
    "n_measures_with_high_rare_events": 1,
    "n_measures_with_low_rare_events": 1,
    "high_rare_measure_ratio": 1.0,
    "low_rare_measure_ratio": 1.0,
    "high_rare_event_count": 244,
    "low_rare_event_count": 2,
    "high_rare_event_ratio": 0.00161376728682068,
    "low_rare_event_ratio": 1.3227600711644919e-05,
    "events_per_million_rows": 38896.214848470976,
    "n_transition_events": 151199,
    "n_unique_transition_types_observed": 43,
    "transition_coverage_ratio": 0.4777777777777778,
    "jump_size_mean": 1.0028108651512246,
    "jump_size_std": 0.05840748086556929,
    "pct_jump_eq_1": 0.9973809350590943,
    "pct_jump_ge_2": 0.002619064940905694,
    "pct_jump_ge_3": 0.00011904840640480426,
    "f02_quality_score": 0.8216361842455482,
    "activity_flag": "ok",
    "diversity_flag": "ok",
    "catalog_flag": "ok",
    "dominance_flag": "warning",
    "continuity_flag": "ok",
    "measure_coverage_flag": "ok",
    "f02_gate_status": "warning"
  },
  "event_frequency": {
    "61": {
      "event_name": "Island_mode_MCCB_AC_Voltage_60_70-to-70_80",
      "count": 26174
    },
    "70": {
      "event_name": "Island_mode_MCCB_AC_Voltage_70_80-to-60_70",
      "count": 26135
    },
    "60": {
      "event_name": "Island_mode_MCCB_AC_Voltage_60_70-to-50_60",
      "count": 26071
    },
    "51": {
      "event_name": "Island_mode_MCCB_AC_Voltage_50_60-to-60_70",
      "count": 26055
    },
    "80": {
      "event_name": "Island_mode_MCCB_AC_Voltage_80_90-to-70_80",
      "count": 11833
    },
    "71": {
      "event_name": "Island_mode_MCCB_AC_Voltage_70_80-to-80_90",
      "count": 11830
    },
    "50": {
      "event_name": "Island_mode_MCCB_AC_Voltage_50_60-to-40_50",
      "count": 10475
    },
    "41": {
      "event_name": "Island_mode_MCCB_AC_Voltage_40_50-to-50_60",
      "count": 10417
    },
    "31": {
      "event_name": "Island_mode_MCCB_AC_Voltage_30_40-to-40_50",
      "count": 637
    },
    "40": {
      "event_name": "Island_mode_MCCB_AC_Voltage_40_50-to-30_40",
      "count": 633
    },
    "81": {
      "event_name": "Island_mode_MCCB_AC_Voltage_80_90-to-90_100",
      "count": 242
    },
    "90": {
      "event_name": "Island_mode_MCCB_AC_Voltage_90_100-to-80_90",
      "count": 240
    },
    "69": {
      "event_name": "Island_mode_MCCB_AC_Voltage_70_80-to-50_60",
      "count": 105
    },
    "42": {
      "event_name": "Island_mode_MCCB_AC_Voltage_40_50-to-60_70",
      "count": 95
    },
    "52": {
      "event_name": "Island_mode_MCCB_AC_Voltage_50_60-to-70_80",
      "count": 63
    },
    "59": {
      "event_name": "Island_mode_MCCB_AC_Voltage_60_70-to-40_50",
      "count": 39
    },
    "21": {
      "event_name": "Island_mode_MCCB_AC_Voltage_20_30-to-30_40",
      "count": 34
    },
    "30": {
      "event_name": "Island_mode_MCCB_AC_Voltage_30_40-to-20_30",
      "count": 27
    },
    "39": {
      "event_name": "Island_mode_MCCB_AC_Voltage_40_50-to-20_30",
      "count": 14
    },
    "32": {
      "event_name": "Island_mode_MCCB_AC_Voltage_30_40-to-50_60",
      "count": 12
    },
    "49": {
      "event_name": "Island_mode_MCCB_AC_Voltage_50_60-to-30_40",
      "count": 11
    },
    "62": {
      "event_name": "Island_mode_MCCB_AC_Voltage_60_70-to-80_90",
      "count": 11
    },
    "79": {
      "event_name": "Island_mode_MCCB_AC_Voltage_80_90-to-60_70",
      "count": 7
    },
    "22": {
      "event_name": "Island_mode_MCCB_AC_Voltage_20_30-to-40_50",
      "count": 7
    },
    "12": {
      "event_name": "Island_mode_MCCB_AC_Voltage_10_20-to-30_40",
      "count": 6
    },
    "29": {
      "event_name": "Island_mode_MCCB_AC_Voltage_30_40-to-10_20",
      "count": 5
    },
    "89": {
      "event_name": "Island_mode_MCCB_AC_Voltage_90_100-to-70_80",
      "count": 3
    },
    "68": {
      "event_name": "Island_mode_MCCB_AC_Voltage_70_80-to-40_50",
      "count": 2
    },
    "33": {
      "event_name": "Island_mode_MCCB_AC_Voltage_30_40-to-60_70",
      "count": 2
    },
    "37": {
      "event_name": "Island_mode_MCCB_AC_Voltage_40_50-to-0_10",
      "count": 1
    },
    "3": {
      "event_name": "Island_mode_MCCB_AC_Voltage_0_10-to-30_40",
      "count": 1
    },
    "54": {
      "event_name": "Island_mode_MCCB_AC_Voltage_50_60-to-90_100",
      "count": 1
    },
    "65": {
      "event_name": "Island_mode_MCCB_AC_Voltage_70_80-to-10_20",
      "count": 1
    },
    "16": {
      "event_name": "Island_mode_MCCB_AC_Voltage_10_20-to-70_80",
      "count": 1
    },
    "23": {
      "event_name": "Island_mode_MCCB_AC_Voltage_20_30-to-50_60",
      "count": 1
    },
    "34": {
      "event_name": "Island_mode_MCCB_AC_Voltage_30_40-to-70_80",
      "count": 1
    },
    "28": {
      "event_name": "Island_mode_MCCB_AC_Voltage_30_40-to-0_10",
      "count": 1
    },
    "4": {
      "event_name": "Island_mode_MCCB_AC_Voltage_0_10-to-40_50",
      "count": 1
    },
    "38": {
      "event_name": "Island_mode_MCCB_AC_Voltage_40_50-to-10_20",
      "count": 1
    },
    "57": {
      "event_name": "Island_mode_MCCB_AC_Voltage_60_70-to-20_30",
      "count": 1
    },
    "63": {
      "event_name": "Island_mode_MCCB_AC_Voltage_60_70-to-90_100",
      "count": 1
    },
    "88": {
      "event_name": "Island_mode_MCCB_AC_Voltage_90_100-to-60_70",
      "count": 1
    },
    "53": {
      "event_name": "Island_mode_MCCB_AC_Voltage_50_60-to-80_90",
      "count": 1
    }
  },
  "per_measure": {
    "Island_mode_MCCB_AC_Voltage": {
      "n_events_generated": 151199,
      "n_unique_event_types_observed": 43,
      "top1_ratio": 0.17310961051329704,
      "rare_event_count": 246,
      "rare_event_ratio": 0.0016269948875323249,
      "high_rare_event_count": 244,
      "low_rare_event_count": 2,
      "rare_event_type_count": 5,
      "high_rare_event_type_count": 3,
      "low_rare_event_type_count": 2,
      "high_rare_event_ratio": 0.00161376728682068,
      "low_rare_event_ratio": 1.3227600711644919e-05,
      "mean_events_per_row_contributed": 0.03889621484847097,
      "band_occupancy": {
        "0_10": 2,
        "10_20": 7,
        "20_30": 83,
        "30_40": 3203,
        "40_50": 145172,
        "50_60": 809846,
        "60_70": 1429990,
        "70_80": 1157350,
        "80_90": 337443,
        "90_100": 1561
      },
      "total_band_count": 3884657,
      "n_active_bands": 10,
      "max_band_count": 1429990,
      "max_band_ratio": 0.36811229408413665,
      "min_nonzero_band_count": 2,
      "extreme_band_count": 1563,
      "extreme_band_ratio": 0.00040235212529703395,
      "middle_band_count": 3883094,
      "middle_band_ratio": 0.999597647874703,
      "occupancy_entropy": 1.3998529193669338,
      "normalized_occupancy_entropy": 0.607948398357217,