{
  "loss": [
    0.18652239441871643,
    0.07144583016633987,
    0.06815969198942184,
    0.06805979460477829,
    0.06705047190189362
  ],
  "precision": [
    0.0,
    0.5770609378814697,
    0.6102719306945801,
    0.5849056839942932,
    0.6123076677322388
  ],
  "recall": [
    0.0,
    0.25077882409095764,
    0.3146417438983917,
    0.33800622820854187,
    0.30996885895729065
  ],
  "val_loss": [
    0.039253924041986465,
    0.03885658085346222,
    0.029120227321982384,
    0.029070166870951653,
    0.0339554063975811
  ],
  "val_precision": [
    0.0,
    0.17938931286334991,
    0.23333333432674408,
    0.24475523829460144,
    0.23333333432674408
  ],
  "val_recall": [
    0.0,
    0.4234234094619751,
    0.315315306186676,
    0.315315306186676,
    0.315315306186676
  ]
}