{
  "loss": [
    0.39715173840522766,
    0.33058279752731323,
    0.3223620057106018,
    0.31529751420021057,
    0.3075107932090759
  ],
  "precision": [
    0.8458153605461121,
    0.8483901023864746,
    0.8504071235656738,
    0.8578217625617981,
    0.8654550909996033
  ],
  "recall": [
    0.7255227565765381,
    0.8195062875747681,
    0.8278100490570068,
    0.8312070369720459,
    0.8376235961914062
  ],
  "val_loss": [
    0.3177540898323059,
    0.3096846044063568,
    0.26158908009529114,
    0.245833158493042,
    0.254177063703537
  ],
  "val_precision": [
    0.15202076733112335,
    0.1603700816631317,
    0.18145695328712463,
    0.18735788762569427,
    0.19607843458652496
  ],
  "val_recall": [
    0.823293149471283,
    0.8353413939476013,
    0.8253012299537659,
    0.827309250831604,
    0.823293149471283
  ]
}