{
  "loss": [
    0.24649083614349365,
    0.16044659912586212,
    0.15789857506752014,
    0.1562265306711197,
    0.15525896847248077
  ],
  "precision": [
    0.6933842301368713,
    0.6922776699066162,
    0.6924271583557129,
    0.6939570903778076,
    0.6947368383407593
  ],
  "recall": [
    0.4445350766181946,
    0.7238988876342773,
    0.7271615266799927,
    0.7259380221366882,
    0.7267536520957947
  ],
  "val_loss": [
    0.08815393596887589,
    0.08806255459785461,
    0.09763287007808685,
    0.09078126400709152,
    0.09272048622369766
  ],
  "val_precision": [
    0.2697674334049225,
    0.2695167362689972,
    0.26901668310165405,
    0.2702702581882477,
    0.27094972133636475
  ],
  "val_recall": [
    0.7379134893417358,
    0.7379134893417358,
    0.7379134893417358,
    0.7379134893417358,
    0.7404580116271973
  ]
}