{
  "loss": [
    0.2740311324596405,
    0.13772407174110413,
    0.1349617838859558,
    0.1337888389825821,
    0.1335054636001587,
    0.1322363018989563,
    0.1322571337223053,
    0.1313473880290985,
    0.13109900057315826,
    0.13109540939331055,
    0.12943808734416962,
    0.12916545569896698,
    0.12895670533180237,
    0.12859898805618286,
    0.12773321568965912,
    0.1274322271347046,
    0.12717953324317932,
    0.12676957249641418,
    0.1261882334947586,
    0.1261666864156723
  ],
  "precision": [
    0.8812658190727234,
    0.906222403049469,
    0.906710684299469,
    0.9062156677246094,
    0.9062362909317017,
    0.9055445790290833,
    0.9070534110069275,
    0.9070175290107727,
    0.9072368144989014,
    0.9078341126441956,
    0.9078543186187744,
    0.9060446619987488,
    0.9077765345573425,
    0.9083132147789001,
    0.9087919592857361,
    0.9079552888870239,
    0.9095697999000549,
    0.9094099402427673,
    0.9097084999084473,
    0.9101271629333496
  ],
  "recall": [
    0.779444694519043,
    0.919614851474762,
    0.9227496385574341,
    0.923869252204895,
    0.9240931272506714,
    0.9252127408981323,
    0.9243170619010925,
    0.9261083602905273,
    0.9263322949409485,
    0.9263322949409485,
    0.9265562295913696,
    0.9263322949409485,
    0.9278996586799622,
    0.9272279739379883,
    0.9281235933303833,
    0.9276757836341858,
    0.9278996586799622,
    0.9283475279808044,
    0.9294670820236206,
    0.9296910166740417
  ],
  "val_loss": [
    0.14045342803001404,
    0.1373365819454193,
    0.13690273463726044,
    0.13716985285282135,
    0.1363368183374405,
    0.13862475752830505,
    0.13647867739200592,
    0.13624711334705353,
    0.13584540784358978,
    0.13653630018234253,
    0.13503272831439972,
    0.13551630079746246,
    0.13516467809677124,
    0.13555657863616943,
    0.13595204055309296,
    0.13676828145980835,
    0.13669633865356445,
    0.13652609288692474,
    0.1377452313899994,
    0.13687004148960114
  ],
  "val_precision": [
    0.9068322777748108,
    0.9044193029403687,
    0.9048106670379639,
    0.9048106670379639,
    0.9048106670379639,
    0.9048106670379639,
    0.9029622077941895,
    0.9048106670379639,
    0.9048106670379639,
    0.8985801339149475,
    0.9029622077941895,
    0.9029622077941895,
    0.9029622077941895,
    0.9057376980781555,
    0.9029622077941895,
    0.9012219905853271,
    0.9049080014228821,
    0.9049080014228821,
    0.9003052115440369,
    0.9030612111091614
  ],
  "val_recall": [
    0.9153605103492737,
    0.9195402264595032,
    0.9237199425697327,
    0.9237199425697327,
    0.9237199425697327,
    0.9237199425697327,
    0.9237199425697327,
    0.9237199425697327,
    0.9237199425697327,
    0.9258098006248474,
    0.9237199425697327,
    0.9237199425697327,
    0.9237199425697327,
    0.9237199425697327,
    0.9237199425697327,
    0.92476487159729,
    0.92476487159729,
    0.92476487159729,
    0.92476487159729,
    0.92476487159729
  ]
}