{
  "loss": [
    0.5112008452415466,
    0.46187537908554077,
    0.4618254005908966,
    0.4615411162376404,
    0.4618023931980133,
    0.46156036853790283,
    0.46171194314956665,
    0.4619748890399933,
    0.4614728093147278,
    0.46149834990501404,
    0.4614379107952118,
    0.4615066647529602,
    0.46166932582855225,
    0.46162524819374084,
    0.46161454916000366,
    0.46175500750541687,
    0.4615979790687561,
    0.4613610506057739,
    0.46165013313293457,
    0.46174371242523193
  ],
  "precision": [
    0.8165137767791748,
    0.8050193190574646,
    0.8050193190574646,
    0.8050193190574646,
    0.8050193190574646,
    0.8050193190574646,
    0.8050193190574646,
    0.8050193190574646,
    0.8050193190574646,
    0.8050193190574646,
    0.8050193190574646,
    0.8050193190574646,
    0.8050193190574646,
    0.8050193190574646,
    0.8050193190574646,
    0.8050193190574646,
    0.8050193190574646,
    0.8050193190574646,
    0.8050193190574646,
    0.8050193190574646
  ],
  "recall": [
    0.08020426332950592,
    0.12526284158229828,
    0.12526284158229828,
    0.12526284158229828,
    0.12526284158229828,
    0.12526284158229828,
    0.12526284158229828,
    0.12526284158229828,
    0.12526284158229828,
    0.12526284158229828,
    0.12526284158229828,
    0.12526284158229828,
    0.12526284158229828,
    0.12526284158229828,
    0.12526284158229828,
    0.12526284158229828,
    0.12526284158229828,
    0.12526284158229828,
    0.12526284158229828,
    0.12526284158229828
  ],
  "val_loss": [
    0.46442481875419617,
    0.463875412940979,
    0.46342045068740845,
    0.46339327096939087,
    0.46443602442741394,
    0.4639042019844055,
    0.46448424458503723,
    0.46391332149505615,
    0.46347641944885254,
    0.4636799693107605,
    0.46332624554634094,
    0.46367326378822327,
    0.4638659358024597,
    0.4634869396686554,
    0.4641590714454651,
    0.4638230502605438,
    0.4632135033607483,
    0.46343740820884705,
    0.46338871121406555,
    0.4634443521499634
  ],
  "val_precision": [
    0.7980769276618958,
    0.7980769276618958,
    0.7980769276618958,
    0.7980769276618958,
    0.7980769276618958,
    0.7980769276618958,
    0.7980769276618958,
    0.7980769276618958,
    0.7980769276618958,
    0.7980769276618958,
    0.7980769276618958,
    0.7980769276618958,
    0.7980769276618958,
    0.7980769276618958,
    0.7980769276618958,
    0.7980769276618958,
    0.7980769276618958,
    0.7980769276618958,
    0.7980769276618958,
    0.7980769276618958
  ],
  "val_recall": [
    0.11624649912118912,
    0.11624649912118912,
    0.11624649912118912,
    0.11624649912118912,
    0.11624649912118912,
    0.11624649912118912,
    0.11624649912118912,
    0.11624649912118912,
    0.11624649912118912,
    0.11624649912118912,
    0.11624649912118912,
    0.11624649912118912,
    0.11624649912118912,
    0.11624649912118912,
    0.11624649912118912,
    0.11624649912118912,
    0.11624649912118912,
    0.11624649912118912,
    0.11624649912118912,
    0.11624649912118912
  ]
}