{
  "loss": [
    0.2813742160797119,
    0.1374916434288025,
    0.13457098603248596,
    0.13363061845302582,
    0.13302730023860931,
    0.13241751492023468,
    0.13217347860336304,
    0.13144135475158691,
    0.13054034113883972,
    0.1300656646490097,
    0.12931273877620697,
    0.12957188487052917,
    0.12877807021141052,
    0.12781620025634766,
    0.12809106707572937,
    0.12706592679023743,
    0.1270746886730194,
    0.1262979507446289,
    0.12596173584461212,
    0.1257971227169037
  ],
  "precision": [
    0.8755638003349304,
    0.9061395525932312,
    0.906112551689148,
    0.9058797955513,
    0.9061403274536133,
    0.9067573547363281,
    0.9060446619987488,
    0.9066199064254761,
    0.9075169563293457,
    0.9067016839981079,
    0.9065645337104797,
    0.9078745245933533,
    0.9079552888870239,
    0.9078169465065002,
    0.9075005650520325,
    0.9090510606765747,
    0.9085739254951477,
    0.910107433795929,
    0.909548819065094,
    0.9103659987449646
  ],
  "recall": [
    0.738916277885437,
    0.9187192320823669,
    0.9227496385574341,
    0.9245409965515137,
    0.9252127408981323,
    0.9254366159439087,
    0.9263322949409485,
    0.9261083602905273,
    0.9272279739379883,
    0.9270040392875671,
    0.9276757836341858,
    0.926780104637146,
    0.9276757836341858,
    0.9283475279808044,
    0.9292431473731995,
    0.928795337677002,
    0.9301388263702393,
    0.9294670820236206,
    0.9299148917198181,
    0.9301388263702393
  ],
  "val_loss": [
    0.14375722408294678,
    0.14205341041088104,
    0.13842403888702393,
    0.13666227459907532,
    0.13608399033546448,
    0.1358037143945694,
    0.13621993362903595,
    0.13646382093429565,
    0.135527566075325,
    0.1383487433195114,
    0.1356617957353592,
    0.13888861238956451,
    0.13620877265930176,
    0.13865938782691956,
    0.1361810714006424,
    0.1375272572040558,
    0.13735553622245789,
    0.1366773396730423,
    0.13768288493156433,
    0.1374780535697937
  ],
  "val_precision": [
    0.9074844121932983,
    0.9061855673789978,
    0.9019407629966736,
    0.9027635455131531,
    0.9029622077941895,
    0.9028629660606384,
    0.9028629660606384,
    0.9011213183403015,
    0.9020408391952515,
    0.9002036452293396,
    0.9046154022216797,
    0.9003052115440369,
    0.9038854837417603,
    0.8983739614486694,
    0.9011213183403015,
    0.9010204076766968,
    0.9003052115440369,
    0.9010204076766968,
    0.9019407629966736,
    0.9002036452293396
  ],
  "val_recall": [
    0.9122257232666016,
    0.9184952974319458,
    0.9226750135421753,
    0.9216300845146179,
    0.9237199425697327,
    0.9226750135421753,
    0.9226750135421753,
    0.9237199425697327,
    0.9237199425697327,
    0.9237199425697327,
    0.9216300845146179,
    0.92476487159729,
    0.9237199425697327,
    0.9237199425697327,
    0.9237199425697327,
    0.9226750135421753,
    0.92476487159729,
    0.9226750135421753,
    0.9226750135421753,
    0.9237199425697327
  ]
}