{
  "loss": [
    0.5228142738342285,
    0.4618456959724426,
    0.4620899558067322,
    0.46183669567108154,
    0.4616703689098358,
    0.4613175392150879,
    0.46224337816238403,
    0.4615406394004822,
    0.46192124485969543,
    0.46155136823654175,
    0.4616239368915558,
    0.46189290285110474,
    0.46178117394447327,
    0.4617922008037567,
    0.4618222415447235,
    0.46169206500053406,
    0.4615210294723511,
    0.4620356559753418,
    0.46160954236984253,
    0.4616985321044922
  ],
  "precision": [
    0.8046272397041321,
    0.8050193190574646,
    0.8050193190574646,
    0.8050193190574646,
    0.8050193190574646,
    0.8050193190574646,
    0.8050193190574646,
    0.8050193190574646,
    0.8050193190574646,
    0.8050193190574646,
    0.8050193190574646,
    0.8050193190574646,
    0.8050193190574646,
    0.8050193190574646,
    0.8050193190574646,
    0.8050193190574646,
    0.8050193190574646,
    0.8050193190574646,
    0.8050193190574646,
    0.8050193190574646
  ],
  "recall": [
    0.0940222293138504,
    0.12526284158229828,
    0.12526284158229828,
    0.12526284158229828,
    0.12526284158229828,
    0.12526284158229828,
    0.12526284158229828,
    0.12526284158229828,
    0.12526284158229828,
    0.12526284158229828,
    0.12526284158229828,
    0.12526284158229828,
    0.12526284158229828,
    0.12526284158229828,
    0.12526284158229828,
    0.12526284158229828,
    0.12526284158229828,
    0.12526284158229828,
    0.12526284158229828,
    0.12526284158229828
  ],
  "val_loss": [
    0.46398454904556274,
    0.46346864104270935,
    0.46503716707229614,
    0.4633494019508362,
    0.4633130431175232,
    0.46336573362350464,
    0.46355730295181274,
    0.4633899927139282,
    0.46414586901664734,
    0.4636126458644867,
    0.46365609765052795,
    0.4632757902145386,
    0.46346554160118103,
    0.4642277657985687,
    0.4638473093509674,
    0.4634971618652344,
    0.46386441588401794,
    0.4634173512458801,
    0.4639747738838196,
    0.4632014334201813
  ],
  "val_precision": [
    0.7980769276618958,
    0.7980769276618958,
    0.7980769276618958,
    0.7980769276618958,
    0.7980769276618958,
    0.7980769276618958,
    0.7980769276618958,
    0.7980769276618958,
    0.7980769276618958,
    0.7980769276618958,
    0.7980769276618958,
    0.7980769276618958,
    0.7980769276618958,
    0.7980769276618958,
    0.7980769276618958,
    0.7980769276618958,
    0.7980769276618958,
    0.7980769276618958,
    0.7980769276618958,
    0.7980769276618958
  ],
  "val_recall": [
    0.11624649912118912,
    0.11624649912118912,
    0.11624649912118912,
    0.11624649912118912,
    0.11624649912118912,
    0.11624649912118912,
    0.11624649912118912,
    0.11624649912118912,
    0.11624649912118912,
    0.11624649912118912,
    0.11624649912118912,
    0.11624649912118912,
    0.11624649912118912,
    0.11624649912118912,
    0.11624649912118912,
    0.11624649912118912,
    0.11624649912118912,
    0.11624649912118912,
    0.11624649912118912,
    0.11624649912118912
  ]
}