{
  "loss": [
    0.2626260817050934,
    0.13750320672988892,
    0.13449443876743317,
    0.13380998373031616,
    0.13271768391132355,
    0.13301824033260345,
    0.13153959810733795,
    0.1312817484140396,
    0.13071878254413605,
    0.1304713934659958,
    0.13015338778495789,
    0.12956278026103973,
    0.12908495962619781,
    0.12835028767585754,
    0.12780137360095978,
    0.12741003930568695,
    0.1269129514694214,
    0.1265362948179245,
    0.1265692263841629,
    0.12550723552703857
  ],
  "precision": [
    0.9042584300041199,
    0.9060981273651123,
    0.9062706232070923,
    0.9060579538345337,
    0.9061197638511658,
    0.9060991406440735,
    0.9058669209480286,
    0.9067369103431702,
    0.9066199064254761,
    0.9074358344078064,
    0.9074966907501221,
    0.9073384404182434,
    0.9070379137992859,
    0.9074195623397827,
    0.9083936214447021,
    0.9090510606765747,
    0.9099692702293396,
    0.9088917970657349,
    0.9106476306915283,
    0.9103856086730957
  ],
  "recall": [
    0.6894312500953674,
    0.9182713627815247,
    0.9223018288612366,
    0.9243170619010925,
    0.9249888062477112,
    0.92476487159729,
    0.9265562295913696,
    0.9252127408981323,
    0.9261083602905273,
    0.9263322949409485,
    0.9270040392875671,
    0.9274518489837646,
    0.9263322949409485,
    0.9283475279808044,
    0.9281235933303833,
    0.928795337677002,
    0.9278996586799622,
    0.9292431473731995,
    0.928795337677002,
    0.9303627610206604
  ],
  "val_loss": [
    0.1410776674747467,
    0.13871437311172485,
    0.13780450820922852,
    0.1383826583623886,
    0.13830067217350006,
    0.13726602494716644,
    0.13685232400894165,
    0.1361154317855835,
    0.13560551404953003,
    0.135869562625885,
    0.13656587898731232,
    0.1350177377462387,
    0.13604585826396942,
    0.13452941179275513,
    0.13544002175331116,
    0.13705793023109436,
    0.1378011703491211,
    0.13755446672439575,
    0.1377125084400177,
    0.1365235447883606
  ],
  "val_precision": [
    0.9074844121932983,
    0.9052523374557495,
    0.9047130942344666,
    0.9047130942344666,
    0.9046154022216797,
    0.9048106670379639,
    0.9047130942344666,
    0.9029622077941895,
    0.9048106670379639,
    0.9048106670379639,
    0.8976697325706482,
    0.9028629660606384,
    0.9002036452293396,
    0.9046154022216797,
    0.9018405079841614,
    0.9048106670379639,
    0.9003052115440369,
    0.9052523374557495,
    0.897773265838623,
    0.9018405079841614
  ],
  "val_recall": [
    0.9122257232666016,
    0.9184952974319458,
    0.9226750135421753,
    0.9226750135421753,
    0.9216300845146179,
    0.9237199425697327,
    0.9226750135421753,
    0.9237199425697327,
    0.9237199425697327,
    0.9237199425697327,
    0.9258098006248474,
    0.9226750135421753,
    0.9237199425697327,
    0.9216300845146179,
    0.9216300845146179,
    0.9237199425697327,
    0.92476487159729,
    0.9184952974319458,
    0.9268547296524048,
    0.9216300845146179
  ]
}