{
  "loss": [
    0.4195925295352936,
    0.33644425868988037,
    0.32816964387893677,
    0.32156670093536377,
    0.3164328634738922
  ],
  "precision": [
    0.6853649020195007,
    0.7101583480834961,
    0.719084620475769,
    0.7237078547477722,
    0.7247485518455505
  ],
  "recall": [
    0.593530535697937,
    0.7950960993766785,
    0.7885345816612244,
    0.7881892323493958,
    0.7962472438812256
  ],
  "val_loss": [
    0.2486674040555954,
    0.22060923278331757,
    0.24875515699386597,
    0.22229628264904022,
    0.22802746295928955
  ],
  "val_precision": [
    0.07070353627204895,
    0.0814099907875061,
    0.07290322333574295,
    0.08246178925037384,
    0.07940729707479477
  ],
  "val_recall": [
    0.7680608630180359,
    0.7376425862312317,
    0.8593155741691589,
    0.7794677019119263,
    0.7946767807006836
  ]
}