{
  "loss": [
    0.5415159463882446,
    0.5090183019638062,
    0.5073900818824768,
    0.5035575032234192,
    0.5008705258369446
  ],
  "precision": [
    0.7156131863594055,
    0.7154042720794678,
    0.7156499028205872,
    0.7189502120018005,
    0.7187199592590332
  ],
  "recall": [
    0.7313203811645508,
    0.7948936820030212,
    0.8011486530303955,
    0.7975662350654602,
    0.8084271550178528
  ],
  "val_loss": [
    0.4808216691017151,
    0.4721567928791046,
    0.514763355255127,
    0.5046993494033813,
    0.4766955077648163
  ],
  "val_precision": [
    0.12889045476913452,
    0.12814287841320038,
    0.12127894163131714,
    0.12664863467216492,
    0.12983377277851105
  ],
  "val_recall": [
    0.7675392627716064,
    0.773822009563446,
    0.8062826991081238,
    0.7842931747436523,
    0.7769633531570435
  ]
}