{
  "loss": [
    0.4427821636199951,
    0.3500334918498993,
    0.3458266258239746,
    0.34375086426734924,
    0.34077852964401245
  ],
  "precision": [
    0.7546603083610535,
    0.7620967626571655,
    0.7621710300445557,
    0.7617296576499939,
    0.7601229548454285
  ],
  "recall": [
    0.8872260451316833,
    0.9534218907356262,
    0.9626141786575317,
    0.9636791944503784,
    0.9701250195503235
  ],
  "val_loss": [
    0.365663081407547,
    0.38663485646247864,
    0.38079118728637695,
    0.35307830572128296,
    0.35343772172927856
  ],
  "val_precision": [
    0.4725775718688965,
    0.4725775718688965,
    0.4725775718688965,
    0.4725775718688965,
    0.4725775718688965
  ],
  "val_recall": [
    0.9759351015090942,
    0.9759351015090942,
    0.9759351015090942,
    0.9759351015090942,
    0.9759351015090942
  ]
}