{
  "loss": [
    0.09820715337991714,
    0.0024139084853231907,
    0.0022294751834124327,
    0.0021457341499626637,
    0.002090912312269211
  ],
  "precision": [
    0.0,
    0.0,
    0.0,
    0.0,
    0.0
  ],
  "recall": [
    0.0,
    0.0,
    0.0,
    0.0,
    0.0
  ],
  "val_loss": [
    0.0008474488276988268,
    0.0006204136880114675,
    0.0006179955089464784,
    0.0005037472583353519,
    0.0006232215673662722
  ],
  "val_precision": [
    0.0,
    0.0,
    0.0,
    0.0,
    0.0
  ],
  "val_recall": [
    0.0,
    0.0,
    0.0,
    0.0,
    0.0
  ]
}