{
  "loss": [
    0.3871440887451172,
    0.33376991748809814,
    0.3307729661464691,
    0.3293975591659546,
    0.3285626173019409
  ],
  "precision": [
    0.5739436745643616,
    0.5716246366500854,
    0.5803185105323792,
    0.6033646464347839,
    0.6105974316596985
  ],
  "recall": [
    0.7378427386283875,
    0.9697361588478088,
    0.8671754002571106,
    0.7885411381721497,
    0.7600879669189453
  ],
  "val_loss": [
    0.28330907225608826,
    0.2747485637664795,
    0.2876535654067993,
    0.26624149084091187,
    0.2826926112174988
  ],
  "val_precision": [
    0.24132400751113892,
    0.24052074551582336,
    0.24132400751113892,
    0.2817961275577545,
    0.2548913061618805
  ],
  "val_recall": [
    0.9987930059432983,
    0.8919734358787537,
    0.9987930059432983,
    0.7006638646125793,
    0.8491249084472656
  ]
}