{
  "loss": [
    0.10254150629043579,
    0.002991745015606284,
    0.0027932487428188324,
    0.002691571367904544,
    0.0026195247191935778
  ],
  "precision": [
    0.0,
    0.0,
    0.0,
    0.0,
    0.0
  ],
  "recall": [
    0.0,
    0.0,
    0.0,
    0.0,
    0.0
  ],
  "val_loss": [
    0.0010209418833255768,
    0.0007186727016232908,
    0.00068549724528566,
    0.000581847969442606,
    0.0006891145021654665
  ],
  "val_precision": [
    0.0,
    0.0,
    0.0,
    0.0,
    0.0
  ],
  "val_recall": [
    0.0,
    0.0,
    0.0,
    0.0,
    0.0
  ]
}