{
  "loss": [
    0.21980181336402893,
    0.1487741619348526,
    0.14474347233772278,
    0.14279279112815857,
    0.14051219820976257
  ],
  "precision": [
    0.5,
    0.4444444477558136,
    0.5588235259056091,
    0.7288135886192322,
    0.7661290168762207
  ],
  "recall": [
    0.0011185682378709316,
    0.04921700060367584,
    0.08501118421554565,
    0.09619686752557755,
    0.10626398026943207
  ],
  "val_loss": [
    0.12991175055503845,
    0.1275578886270523,
    0.12398386001586914,
    0.12219041585922241,
    0.12166750431060791
  ],
  "val_precision": [
    0.2222222238779068,
    0.2195121943950653,
    0.31578946113586426,
    0.4285714328289032,
    0.5714285969734192
  ],
  "val_recall": [
    0.010471204295754433,
    0.04712041839957237,
    0.03141361102461815,
    0.03141361102461815,
    0.08376963436603546
  ]
}