{
  "loss": [
    0.21622639894485474,
    0.05682685598731041,
    0.05073383077979088,
    0.04912970960140228,
    0.0488877072930336,
    0.04877293109893799,
    0.04795776307582855,
    0.04788421839475632,
    0.04782431945204735,
    0.04696781188249588,
    0.04733831807971001,
    0.046656157821416855,
    0.04640192538499832,
    0.04603906348347664,
    0.046132076531648636,
    0.04633193090558052,
    0.04624137282371521,
    0.04552271589636803,
    0.04555331915616989,
    0.04507632553577423
  ],
  "precision": [
    0.0416666679084301,
    0.827102780342102,
    0.8229166865348816,
    0.8229166865348816,
    0.817241370677948,
    0.8241379261016846,
    0.8206896781921387,
    0.8213058710098267,
    0.8253424763679504,
    0.8225256204605103,
    0.8287671208381653,
    0.8287671208381653,
    0.8299319744110107,
    0.8299319744110107,
    0.8243243098258972,
    0.8305084705352783,
    0.8271186351776123,
    0.8299319744110107,
    0.8310810923576355,
    0.8333333134651184
  ],
  "recall": [
    0.0025380710139870644,
    0.4492385685443878,
    0.6015228629112244,
    0.6015228629112244,
    0.6015228629112244,
    0.606598973274231,
    0.6040608882904053,
    0.606598973274231,
    0.6116751432418823,
    0.6116751432418823,
    0.6142131686210632,
    0.6142131686210632,
    0.6192893385887146,
    0.6192893385887146,
    0.6192893385887146,
    0.6218274235725403,
    0.6192893385887146,
    0.6192893385887146,
    0.624365508556366,
    0.6218274235725403
  ],
  "val_loss": [
    0.07557152211666107,
    0.04977124556899071,
    0.04975281283259392,
    0.04938924312591553,
    0.04880831018090248,
    0.049126867204904556,
    0.048907335847616196,
    0.04869157820940018,
    0.04841770976781845,
    0.04907025396823883,
    0.04833895340561867,
    0.0476984865963459,
    0.04755304381251335,
    0.04862257465720177,
    0.04834812507033348,
    0.047341275960206985,
    0.04781227931380272,
    0.04755166545510292,
    0.04813384264707565,
    0.0484304316341877
  ],
  "val_precision": [
    1.0,
    0.78125,
    0.7692307829856873,
    0.7692307829856873,
    0.7692307829856873,
    0.7692307829856873,
    0.7692307829856873,
    0.75,
    0.7692307829856873,
    0.75,
    0.7611940503120422,
    0.7611940503120422,
    0.7611940503120422,
    0.7611940503120422,
    0.7611940503120422,
    0.7611940503120422,
    0.7611940503120422,
    0.7611940503120422,
    0.7611940503120422,
    0.7611940503120422
  ],
  "val_recall": [
    0.0357142873108387,
    0.5952380895614624,
    0.5952380895614624,
    0.5952380895614624,
    0.5952380895614624,
    0.5952380895614624,
    0.5952380895614624,
    0.6071428656578064,
    0.5952380895614624,
    0.6071428656578064,
    0.6071428656578064,
    0.6071428656578064,
    0.6071428656578064,
    0.6071428656578064,
    0.6071428656578064,
    0.6071428656578064,
    0.6071428656578064,
    0.6071428656578064,
    0.6071428656578064,
    0.6071428656578064
  ]
}