{
  "loss": [
    0.13523626327514648,
    0.07331987470388412,
    0.07174890488386154,
    0.07144832611083984,
    0.07121662050485611
  ],
  "precision": [
    0.9527004361152649,
    0.9496873617172241,
    0.9487137198448181,
    0.9486851096153259,
    0.9487243294715881
  ],
  "recall": [
    0.9873109459877014,
    0.9966104626655579,
    0.9983921647071838,
    0.9986094236373901,
    0.9986094236373901
  ],
  "val_loss": [
    0.09478285163640976,
    0.0821387767791748,
    0.09297576546669006,
    0.08731931447982788,
    0.08846153318881989
  ],
  "val_precision": [
    0.3607006072998047,
    0.36089813709259033,
    0.36089813709259033,
    0.36129385232925415,
    0.3610959053039551
  ],
  "val_recall": [
    0.9984848499298096,
    0.9984848499298096,
    0.9984848499298096,
    0.9984848499298096,
    0.9984848499298096
  ]
}