{
  "loss": [
    0.2892327308654785,
    0.2638891041278839,
    0.2637694776058197,
    0.2629930078983307,
    0.2629346549510956
  ],
  "precision": [
    0.8927457332611084,
    0.9023482203483582,
    0.9023482203483582,
    0.9023482203483582,
    0.9023482203483582
  ],
  "recall": [
    0.9975499510765076,
    0.999171793460846,
    0.999171793460846,
    0.999171793460846,
    0.999171793460846
  ],
  "val_loss": [
    0.6321423649787903,
    0.6987001299858093,
    0.6498854756355286,
    0.7344586253166199,
    0.6681182980537415
  ],
  "val_precision": [
    0.23727020621299744,
    0.23727020621299744,
    0.23727020621299744,
    0.23727020621299744,
    0.23727020621299744
  ],
  "val_recall": [
    1.0,
    1.0,
    1.0,
    1.0,
    1.0
  ]
}