{
  "loss": [
    0.19114701449871063,
    0.08676085621118546,
    0.08618735522031784,
    0.08580377697944641,
    0.08550535142421722
  ],
  "precision": [
    0.6362007260322571,
    0.6395938992500305,
    0.6428571343421936,
    0.6399999856948853,
    0.6419031620025635
  ],
  "recall": [
    0.3233151137828827,
    0.688524603843689,
    0.6967213153839111,
    0.6994535326957703,
    0.7003642916679382
  ],
  "val_loss": [
    0.05116485059261322,
    0.05304635316133499,
    0.054959312081336975,
    0.055080346763134,
    0.05192163214087486
  ],
  "val_precision": [
    0.33264464139938354,
    0.33264464139938354,
    0.329959511756897,
    0.329959511756897,
    0.3333333432674408
  ],
  "val_recall": [
    0.6851063966751099,
    0.6851063966751099,
    0.693617045879364,
    0.693617045879364,
    0.693617045879364
  ]
}