{
  "loss": [
    0.34152206778526306,
    0.27588996291160583,
    0.27484869956970215,
    0.27316874265670776,
    0.2721138596534729
  ],
  "precision": [
    0.6596728563308716,
    0.6543955206871033,
    0.6543955206871033,
    0.6543955206871033,
    0.6543567180633545
  ],
  "recall": [
    0.7563372850418091,
    0.9954733848571777,
    0.9954733848571777,
    0.9954733848571777,
    0.9945680499076843
  ],
  "val_loss": [
    0.22293053567409515,
    0.22568295896053314,
    0.2298193871974945,
    0.22926487028598785,
    0.21803095936775208
  ],
  "val_precision": [
    0.20495590567588806,
    0.20495590567588806,
    0.20495590567588806,
    0.20495590567588806,
    0.20495590567588806
  ],
  "val_recall": [
    0.9969356656074524,
    0.9969356656074524,
    0.9969356656074524,
    0.9969356656074524,
    0.9969356656074524
  ]
}