{
  "loss": [
    0.6291292905807495,
    0.4735954999923706,
    0.2647280991077423,
    0.08821108192205429,
    0.02531249076128006,
    0.014291888102889061,
    0.01295771636068821,
    0.012617954052984715,
    0.012509102933108807,
    0.012269804254174232,
    0.012105424888432026,
    0.0118858078494668,
    0.011812036857008934,
    0.011670260690152645,
    0.0114964060485363,
    0.011350669898092747,
    0.011237534694373608,
    0.011179887689650059,
    0.011022076942026615,
    0.010918933898210526
  ],
  "precision": [
    0.0,
    0.0,
    0.0,
    0.0,
    0.0,
    0.0,
    0.0,
    0.0,
    0.0,
    0.0,
    0.0,
    0.0,
    0.0,
    0.0,
    0.0,
    0.0,
    0.0,
    0.0,
    0.0,
    0.0
  ],
  "recall": [
    0.0,
    0.0,
    0.0,
    0.0,
    0.0,
    0.0,
    0.0,
    0.0,
    0.0,
    0.0,
    0.0,
    0.0,
    0.0,
    0.0,
    0.0,
    0.0,
    0.0,
    0.0,
    0.0,
    0.0
  ],
  "val_loss": [
    0.5455760955810547,
    0.3542681932449341,
    0.13967479765415192,
    0.03057696484029293,
    0.007626059930771589,
    0.003412716556340456,
    0.00224796449765563,
    0.0018956681014969945,
    0.002427737694233656,
    0.0024854845833033323,
    0.002207120880484581,
    0.0021071666851639748,
    0.0018396037630736828,
    0.0018562503391876817,
    0.0016858873423188925,
    0.0016395875718444586,
    0.0015991295222193003,
    0.0014424085384234786,
    0.0014650007942691445,
    0.001426088041625917
  ],
  "val_precision": [
    0.0,
    0.0,
    0.0,
    0.0,
    0.0,
    0.0,
    0.0,
    0.0,
    0.0,
    0.0,
    0.0,
    0.0,
    0.0,
    0.0,
    0.0,
    0.0,
    0.0,
    0.0,
    0.0,
    0.0
  ],
  "val_recall": [
    0.0,
    0.0,
    0.0,
    0.0,
    0.0,
    0.0,
    0.0,
    0.0,
    0.0,
    0.0,
    0.0,
    0.0,
    0.0,
    0.0,
    0.0,
    0.0,
    0.0,
    0.0,
    0.0,
    0.0
  ]
}