{
  "loss": [
    0.1674978882074356,
    0.03181493282318115,
    0.027697760611772537,
    0.02611713297665119,
    0.02480139024555683,
    0.023949459195137024,
    0.023490596562623978,
    0.022557079792022705,
    0.022462651133537292,
    0.021330000832676888,
    0.021377675235271454,
    0.021108301356434822,
    0.02128755860030651,
    0.020377330482006073,
    0.02053859829902649,
    0.020585836842656136,
    0.02008138597011566,
    0.02017088793218136,
    0.02025538869202137,
    0.02089693211019039
  ],
  "precision": [
    0.0,
    0.0,
    0.0,
    0.8571428656578064,
    0.875,
    0.9333333373069763,
    0.90625,
    0.90625,
    0.8717948794364929,
    0.9375,
    0.9714285731315613,
    0.925000011920929,
    0.9714285731315613,
    0.9473684430122375,
    0.9473684430122375,
    0.9487179517745972,
    0.949999988079071,
    0.949999988079071,
    0.9487179517745972,
    0.949999988079071
  ],
  "recall": [
    0.0,
    0.0,
    0.0,
    0.11881188303232193,
    0.2772277295589447,
    0.2772277295589447,
    0.2871287167072296,
    0.2871287167072296,
    0.3366336524486542,
    0.2970297038555145,
    0.3366336524486542,
    0.3663366436958313,
    0.3366336524486542,
    0.3564356565475464,
    0.3564356565475464,
    0.3663366436958313,
    0.3762376308441162,
    0.3762376308441162,
    0.3663366436958313,
    0.3762376308441162
  ],
  "val_loss": [
    0.038182370364665985,
    0.0300230011343956,
    0.028403334319591522,
    0.0270227063447237,
    0.02662600204348564,
    0.026161693036556244,
    0.026544906198978424,
    0.027690943330526352,
    0.027752429246902466,
    0.027680620551109314,
    0.028876926749944687,
    0.02865361049771309,
    0.029341353103518486,
    0.028924312442541122,
    0.029599841684103012,
    0.02996726520359516,
    0.03080323524773121,
    0.03106563910841942,
    0.03090851567685604,
    0.03118169866502285
  ],
  "val_precision": [
    0.0,
    0.0,
    0.0,
    0.6666666865348816,
    0.75,
    0.8333333134651184,
    0.7142857313156128,
    0.7142857313156128,
    0.800000011920929,
    0.75,
    0.75,
    0.7142857313156128,
    0.75,
    0.75,
    0.7142857313156128,
    0.75,
    0.75,
    0.75,
    0.75,
    0.75
  ],
  "val_recall": [
    0.0,
    0.0,
    0.0,
    0.09090909361839294,
    0.13636364042758942,
    0.22727273404598236,
    0.22727273404598236,
    0.22727273404598236,
    0.1818181872367859,
    0.27272728085517883,
    0.27272728085517883,
    0.22727273404598236,
    0.27272728085517883,
    0.27272728085517883,
    0.22727273404598236,
    0.27272728085517883,
    0.27272728085517883,
    0.27272728085517883,
    0.27272728085517883,
    0.27272728085517883
  ]
}