{
  "loss": [
    0.10023342818021774,
    0.005628465674817562,
    0.005512087140232325,
    0.005429222248494625,
    0.005347908940166235
  ],
  "precision": [
    0.0,
    0.0,
    0.0,
    0.0,
    0.0
  ],
  "recall": [
    0.0,
    0.0,
    0.0,
    0.0,
    0.0
  ],
  "val_loss": [
    0.0012507945066317916,
    0.00089387281332165,
    0.0008165425970219076,
    0.000910526723600924,
    0.0007514989702031016
  ],
  "val_precision": [
    0.0,
    0.0,
    0.0,
    0.0,
    0.0
  ],
  "val_recall": [
    0.0,
    0.0,
    0.0,
    0.0,
    0.0
  ]
}