{
  "loss": [
    0.2279549390077591,
    0.11678796261548996,
    0.1121666431427002,
    0.11016081273555756,
    0.10871420800685883
  ],
  "precision": [
    0.836200475692749,
    0.8650984168052673,
    0.8599624037742615,
    0.8586094379425049,
    0.8626168370246887
  ],
  "recall": [
    0.45595431327819824,
    0.734910249710083,
    0.7463295459747314,
    0.7504078149795532,
    0.7528548240661621
  ],
  "val_loss": [
    0.05351615697145462,
    0.059664856642484665,
    0.052813783288002014,
    0.05968931317329407,
    0.07623416930437088
  ],
  "val_precision": [
    0.27094972133636475,
    0.2689075767993927,
    0.2681564390659332,
    0.26756757497787476,
    0.17283950746059418
  ],
  "val_recall": [
    0.7238805890083313,
    0.7164179086685181,
    0.7164179086685181,
    0.7388059496879578,
    0.8358209133148193
  ]
}