{
  "loss": [
    0.22621957957744598,
    0.168815478682518,
    0.1672520935535431,
    0.16640704870224,
    0.16483579576015472
  ],
  "precision": [
    0.9374534487724304,
    0.9358924031257629,
    0.9354440569877625,
    0.9351457357406616,
    0.9347180724143982
  ],
  "recall": [
    0.9136216044425964,
    0.9290423393249512,
    0.9310537576675415,
    0.9321153163909912,
    0.9327858090400696
  ],
  "val_loss": [
    0.17357966303825378,
    0.19792437553405762,
    0.18091697990894318,
    0.19052958488464355,
    0.19170671701431274
  ],
  "val_precision": [
    0.5738396644592285,
    0.5539018511772156,
    0.5539018511772156,
    0.5539018511772156,
    0.5541247725486755
  ],
  "val_recall": [
    0.9072715044021606,
    0.9186124205589294,
    0.9186124205589294,
    0.9186124205589294,
    0.9186124205589294
  ]
}