{
  "loss": [
    0.19309505820274353,
    0.08174781501293182,
    0.0777931809425354,
    0.07578472793102264,
    0.07491893321275711
  ],
  "precision": [
    0.82346111536026,
    0.8121477961540222,
    0.8043343424797058,
    0.8125,
    0.8126550912857056
  ],
  "recall": [
    0.42608171701431274,
    0.7794471383094788,
    0.7806490659713745,
    0.78125,
    0.7872596383094788
  ],
  "val_loss": [
    0.05486592277884483,
    0.04963507130742073,
    0.04784571751952171,
    0.042114030569791794,
    0.04811182618141174
  ],
  "val_precision": [
    0.2574257552623749,
    0.25984251499176025,
    0.25882354378700256,
    0.2873303294181824,
    0.26693227887153625
  ],
  "val_recall": [
    0.7344632744789124,
    0.7457627058029175,
    0.7457627058029175,
    0.7175140976905823,
    0.7570621371269226
  ]
}