{
  "loss": [
    0.39007988572120667,
    0.3362119495868683,
    0.3341643214225769,
    0.3328559100627899,
    0.3332234025001526
  ],
  "precision": [
    0.5709165334701538,
    0.5746923089027405,
    0.584227442741394,
    0.5851701498031616,
    0.5877982974052429
  ],
  "recall": [
    0.7210294604301453,
    0.8816606402397156,
    0.8239782452583313,
    0.8206156492233276,
    0.8186756372451782
  ],
  "val_loss": [
    0.2868049442768097,
    0.28634607791900635,
    0.29672616720199585,
    0.26330170035362244,
    0.27424100041389465
  ],
  "val_precision": [
    0.29725363850593567,
    0.3038053512573242,
    0.29725363850593567,
    0.32888540625572205,
    0.3263959288597107
  ],
  "val_recall": [
    0.9993965029716492,
    0.8817139267921448,
    0.9993965029716492,
    0.7585998773574829,
    0.7761014103889465
  ]
}