{
  "loss": [
    0.19681398570537567,
    0.0866142064332962,
    0.08552295714616776,
    0.08541064709424973,
    0.08513297140598297
  ],
  "precision": [
    0.8648785352706909,
    0.8684672117233276,
    0.8690768480300903,
    0.8692442774772644,
    0.8692902326583862
  ],
  "recall": [
    0.6017605662345886,
    0.8718309998512268,
    0.8718309998512268,
    0.8707746267318726,
    0.8711267709732056
  ],
  "val_loss": [
    0.05069843307137489,
    0.05513589456677437,
    0.06290822476148605,
    0.06610119342803955,
    0.05261393263936043
  ],
  "val_precision": [
    0.4252491593360901,
    0.4252491593360901,
    0.4252491593360901,
    0.4252491593360901,
    0.4266666769981384
  ],
  "val_recall": [
    0.8476821184158325,
    0.8476821184158325,
    0.8476821184158325,
    0.8476821184158325,
    0.8476821184158325
  ]
}