{
  "loss": [
    0.5086452960968018,
    0.4905497431755066,
    0.49002283811569214,
    0.49005475640296936,
    0.4900026321411133
  ],
  "precision": [
    0.7654279470443726,
    0.7687739729881287,
    0.7682356834411621,
    0.7685415744781494,
    0.7684010863304138
  ],
  "recall": [
    0.9680504202842712,
    0.9697489738464355,
    0.9713795781135559,
    0.9703434705734253,
    0.9704793095588684
  ],
  "val_loss": [
    0.9815643429756165,
    0.9847710132598877,
    0.8904086947441101,
    0.8646977543830872,
    0.84091717004776
  ],
  "val_precision": [
    0.33231502771377563,
    0.33231502771377563,
    0.332351952791214,
    0.332351952791214,
    0.332351952791214
  ],
  "val_recall": [
    0.9726873636245728,
    0.9726873636245728,
    0.9726873636245728,
    0.9726873636245728,
    0.9726873636245728
  ]
}