{
  "loss": [
    0.20323695242404938,
    0.10641144961118698,
    0.10466086119413376,
    0.10451018065214157,
    0.10433968156576157
  ],
  "precision": [
    0.7892156839370728,
    0.7898089289665222,
    0.7905491590499878,
    0.7907199859619141,
    0.7914661765098572
  ],
  "recall": [
    0.6235915422439575,
    0.8732394576072693,
    0.8718309998512268,
    0.8700703978538513,
    0.8686619997024536
  ],
  "val_loss": [
    0.08059684187173843,
    0.07809866219758987,
    0.07776479423046112,
    0.0758400559425354,
    0.07006888836622238
  ],
  "val_precision": [
    0.4181213676929474,
    0.4181213676929474,
    0.4181213676929474,
    0.4181213676929474,
    0.43772563338279724
  ],
  "val_recall": [
    0.8525424003601074,
    0.8525424003601074,
    0.8525424003601074,
    0.8525424003601074,
    0.8220338821411133
  ]
}