{
  "loss": [
    0.6145426034927368,
    0.4684140682220459,
    0.4613056480884552,
    0.4613640308380127,
    0.4611760079860687,
    0.46106967329978943,
    0.4613357484340668,
    0.4610113799571991,
    0.46088486909866333,
    0.46118399500846863,
    0.4611666202545166,
    0.46099740266799927,
    0.4609983563423157,
    0.4607986509799957,
    0.4610339403152466,
    0.46084973216056824,
    0.4607270658016205,
    0.4607330560684204,
    0.46068069338798523,
    0.46064862608909607
  ],
  "precision": [
    0.6929134130477905,
    0.8147410154342651,
    0.814453125,
    0.814453125,
    0.814453125,
    0.8176470398902893,
    0.816046953201294,
    0.8176470398902893,
    0.8176470398902893,
    0.8192534446716309,
    0.8192534446716309,
    0.8192534446716309,
    0.8192534446716309,
    0.816046953201294,
    0.8192534446716309,
    0.8192534446716309,
    0.8192534446716309,
    0.8192534446716309,
    0.8192534446716309,
    0.8192534446716309
  ],
  "recall": [
    0.13217182457447052,
    0.12285971641540527,
    0.12526284158229828,
    0.12526284158229828,
    0.12526284158229828,
    0.12526284158229828,
    0.12526284158229828,
    0.12526284158229828,
    0.12526284158229828,
    0.12526284158229828,
    0.12526284158229828,
    0.12526284158229828,
    0.12526284158229828,
    0.12526284158229828,
    0.12526284158229828,
    0.12526284158229828,
    0.12526284158229828,
    0.12526284158229828,
    0.12526284158229828,
    0.12526284158229828
  ],
  "val_loss": [
    0.5032934546470642,
    0.46374619007110596,
    0.4634726345539093,
    0.4634343683719635,
    0.46342775225639343,
    0.46408897638320923,
    0.46356379985809326,
    0.46325838565826416,
    0.4635024964809418,
    0.4637186825275421,
    0.4631824791431427,
    0.4633120000362396,
    0.46323361992836,
    0.46360841393470764,
    0.46313533186912537,
    0.4632289707660675,
    0.4630328416824341,
    0.4633523225784302,
    0.4634500741958618,
    0.4635927677154541
  ],
  "val_precision": [
    0.8058252334594727,
    0.8058252334594727,
    0.8058252334594727,
    0.8058252334594727,
    0.813725471496582,
    0.813725471496582,
    0.8058252334594727,
    0.813725471496582,
    0.813725471496582,
    0.813725471496582,
    0.813725471496582,
    0.813725471496582,
    0.813725471496582,
    0.813725471496582,
    0.813725471496582,
    0.813725471496582,
    0.813725471496582,
    0.813725471496582,
    0.813725471496582,
    0.813725471496582
  ],
  "val_recall": [
    0.11624649912118912,
    0.11624649912118912,
    0.11624649912118912,
    0.11624649912118912,
    0.11624649912118912,
    0.11624649912118912,
    0.11624649912118912,
    0.11624649912118912,
    0.11624649912118912,
    0.11624649912118912,
    0.11624649912118912,
    0.11624649912118912,
    0.11624649912118912,
    0.11624649912118912,
    0.11624649912118912,
    0.11624649912118912,
    0.11624649912118912,
    0.11624649912118912,
    0.11624649912118912,
    0.11624649912118912
  ]
}