{
  "loss": [
    0.39189496636390686,
    0.33321529626846313,
    0.32786697149276733,
    0.32404783368110657,
    0.32079896330833435
  ],
  "precision": [
    0.8426113128662109,
    0.8322188258171082,
    0.8359954357147217,
    0.8359410762786865,
    0.8382700085639954
  ],
  "recall": [
    0.7541329860687256,
    0.8267531991004944,
    0.8257718682289124,
    0.8308296203613281,
    0.8310560584068298
  ],
  "val_loss": [
    0.3068723976612091,
    0.30679836869239807,
    0.3066534996032715,
    0.2991410195827484,
    0.23503418266773224
  ],
  "val_precision": [
    0.1653372049331665,
    0.1764935553073883,
    0.1562289595603943,
    0.16524823009967804,
    0.18941979110240936
  ],
  "val_recall": [
    0.8491619825363159,
    0.8417132496833801,
    0.864059567451477,
    0.8677839636802673,
    0.826815664768219
  ]
}