{
  "loss": [
    0.2069741189479828,
    0.09232312440872192,
    0.0871233120560646,
    0.08517810702323914,
    0.08497515320777893
  ],
  "precision": [
    0.8692722320556641,
    0.8821209669113159,
    0.8789836168289185,
    0.8766595125198364,
    0.8787618279457092
  ],
  "recall": [
    0.5261011123657227,
    0.8209624886512756,
    0.8323817253112793,
    0.8348287343978882,
    0.8336052298545837
  ],
  "val_loss": [
    0.06053640693426132,
    0.05741148069500923,
    0.05759946256875992,
    0.051764458417892456,
    0.05325080081820488
  ],
  "val_precision": [
    0.21375921368598938,
    0.21531100571155548,
    0.21770334243774414,
    0.21739129722118378,
    0.184523805975914
  ],
  "val_recall": [
    0.8055555820465088,
    0.8333333134651184,
    0.8425925970077515,
    0.8333333134651184,
    0.8611111044883728
  ]
}