{
  "loss": [
    0.46206134557724,
    0.29576146602630615,
    0.28374481201171875,
    0.2787994146347046,
    0.2767558991909027
  ],
  "precision": [
    0.527794361114502,
    0.6205870509147644,
    0.6321959495544434,
    0.6281964778900146,
    0.6322801113128662
  ],
  "recall": [
    0.30670371651649475,
    0.5434178709983826,
    0.627474844455719,
    0.6484890580177307,
    0.6429315805435181
  ],
  "val_loss": [
    0.2235809713602066,
    0.2187850922346115,
    0.20083653926849365,
    0.21029780805110931,
    0.21928413212299347
  ],
  "val_precision": [
    0.37965887784957886,
    0.37965887784957886,
    0.37965887784957886,
    0.36373165249824524,
    0.3594608008861542
  ],
  "val_recall": [
    0.48703402280807495,
    0.48703402280807495,
    0.48703402280807495,
    0.5623987317085266,
    0.5834683775901794
  ]
}