{
  "loss": [
    0.01252470538020134,
    0.009141757152974606,
    0.009125936776399612,
    0.009126313962042332,
    0.00912406574934721,
    0.009131250903010368,
    0.009111485444009304,
    0.009114494547247887,
    0.009115520864725113,
    0.009109139442443848,
    0.009102677926421165,
    0.00910240225493908,
    0.009100362658500671,
    0.009108783677220345,
    0.009111269377171993,
    0.009111357852816582,
    0.009114866144955158,
    0.009110381826758385,
    0.009115048684179783,
    0.009099048562347889
  ],
  "precision": [
    0.0,
    0.0,
    0.0,
    0.0,
    0.0,
    0.0,
    0.0,
    0.0,
    0.0,
    0.0,
    0.0,
    0.0,
    0.0,
    0.0,
    0.0,
    0.0,
    0.0,
    0.0,
    0.0,
    0.0
  ],
  "recall": [
    0.0,
    0.0,
    0.0,
    0.0,
    0.0,
    0.0,
    0.0,
    0.0,
    0.0,
    0.0,
    0.0,
    0.0,
    0.0,
    0.0,
    0.0,
    0.0,
    0.0,
    0.0,
    0.0,
    0.0
  ],
  "val_loss": [
    0.009032979607582092,
    0.00906282477080822,
    0.00903869979083538,
    0.00900635402649641,
    0.009087190963327885,
    0.009060635231435299,
    0.009046272374689579,
    0.009006637148559093,
    0.009096307680010796,
    0.009042864665389061,
    0.009061797522008419,
    0.009093401953577995,
    0.0090389559045434,
    0.00901516992598772,
    0.009016440249979496,
    0.009014876559376717,
    0.009017993696033955,
    0.009033882059156895,
    0.009009095840156078,
    0.009297414682805538
  ],
  "val_precision": [
    0.0,
    0.0,
    0.0,
    0.0,
    0.0,
    0.0,
    0.0,
    0.0,
    0.0,
    0.0,
    0.0,
    0.0,
    0.0,
    0.0,
    0.0,
    0.0,
    0.0,
    0.0,
    0.0,
    0.0
  ],
  "val_recall": [
    0.0,
    0.0,
    0.0,
    0.0,
    0.0,
    0.0,
    0.0,
    0.0,
    0.0,
    0.0,
    0.0,
    0.0,
    0.0,
    0.0,
    0.0,
    0.0,
    0.0,
    0.0,
    0.0,
    0.0
  ]
}