{
  "loss": [
    0.369952917098999,
    0.30669859051704407,
    0.3052294850349426,
    0.3045225143432617,
    0.30375686287879944
  ],
  "precision": [
    0.5900347828865051,
    0.6215083599090576,
    0.6162170767784119,
    0.6193742752075195,
    0.6224987506866455
  ],
  "recall": [
    0.48457950353622437,
    0.5355799794197083,
    0.5739431381225586,
    0.5569429993629456,
    0.5569429993629456
  ],
  "val_loss": [
    0.2577119767665863,
    0.26196953654289246,
    0.2522463798522949,
    0.2550075650215149,
    0.24232891201972961
  ],
  "val_precision": [
    0.3706102967262268,
    0.3706102967262268,
    0.36889195442199707,
    0.3706102967262268,
    0.4495091140270233
  ],
  "val_recall": [
    0.7633426785469055,
    0.7633426785469055,
    0.7528089880943298,
    0.7633426785469055,
    0.45014044642448425
  ]
}