{
  "loss": [
    0.15538285672664642,
    0.06445127725601196,
    0.06106514856219292,
    0.06022676080465317,
    0.05911066010594368
  ],
  "precision": [
    1.0,
    0.5,
    0.5384615659713745,
    0.7241379022598267,
    0.6103895902633667
  ],
  "recall": [
    0.006535947788506746,
    0.026143791154026985,
    0.04575163498520851,
    0.06862745434045792,
    0.15359477698802948
  ],
  "val_loss": [
    0.06624109297990799,
    0.05887841060757637,
    0.0577307753264904,
    0.056484006345272064,
    0.05756764858961105
  ],
  "val_precision": [
    0.0,
    0.5,
    0.75,
    0.4285714328289032,
    0.4545454680919647
  ],
  "val_recall": [
    0.0,
    0.10769230872392654,
    0.04615384712815285,
    0.04615384712815285,
    0.07692307978868484
  ]
}