{
  "loss": [
    0.178934246301651,
    0.03851284086704254,
    0.034546032547950745,
    0.03265984728932381,
    0.03018851764500141,
    0.029412981122732162,
    0.02878638729453087,
    0.028086887672543526,
    0.027316372841596603,
    0.027425536885857582,
    0.026464611291885376,
    0.025570765137672424,
    0.025765839964151382,
    0.025030378252267838,
    0.024549635127186775,
    0.024594061076641083,
    0.024698369204998016,
    0.023917023092508316,
    0.023498481139540672,
    0.02347906120121479
  ],
  "precision": [
    0.0,
    0.0,
    0.0,
    0.0,
    1.0,
    0.5,
    0.5405405163764954,
    0.6206896305084229,
    0.6470588445663452,
    0.625,
    0.6666666865348816,
    0.717391312122345,
    0.7234042286872864,
    0.7777777910232544,
    0.7368420958518982,
    0.8039215803146362,
    0.7599999904632568,
    0.7833333611488342,
    0.8235294222831726,
    0.8035714030265808
  ],
  "recall": [
    0.0,
    0.0,
    0.0,
    0.0,
    0.017543859779834747,
    0.1315789520740509,
    0.17543859779834747,
    0.15789473056793213,
    0.19298245012760162,
    0.21929824352264404,
    0.21052631735801697,
    0.28947368264198303,
    0.2982456088066101,
    0.3070175349712372,
    0.3684210479259491,
    0.359649121761322,
    0.3333333432674408,
    0.41228070855140686,
    0.3684210479259491,
    0.3947368562221527
  ],
  "val_loss": [
    0.043250493705272675,
    0.03755022957921028,
    0.035810500383377075,
    0.033794108778238297,
    0.032919980585575104,
    0.03294946998357773,
    0.03354072943329811,
    0.033944278955459595,
    0.03365794196724892,
    0.0334956981241703,
    0.03451523557305336,
    0.03458376228809357,
    0.03475484997034073,
    0.036040984094142914,
    0.03706606850028038,
    0.03590290993452072,
    0.03752696514129639,
    0.036343131214380264,
    0.03733091428875923,
    0.03768109902739525
  ],
  "val_precision": [
    0.0,
    0.0,
    0.0,
    0.0,
    0.20000000298023224,
    0.5,
    0.5,
    0.6666666865348816,
    0.6666666865348816,
    0.6666666865348816,
    0.7142857313156128,
    0.6666666865348816,
    0.6666666865348816,
    0.625,
    0.6666666865348816,
    0.7142857313156128,
    0.6666666865348816,
    0.6666666865348816,
    0.5714285969734192,
    0.4444444477558136
  ],
  "val_recall": [
    0.0,
    0.0,
    0.0,
    0.0,
    0.0416666679084301,
    0.1666666716337204,
    0.1666666716337204,
    0.1666666716337204,
    0.1666666716337204,
    0.1666666716337204,
    0.2083333283662796,
    0.1666666716337204,
    0.1666666716337204,
    0.2083333283662796,
    0.1666666716337204,
    0.2083333283662796,
    0.1666666716337204,
    0.1666666716337204,
    0.1666666716337204,
    0.1666666716337204
  ]
}