{
  "loss": [
    0.20571617782115936,
    0.10877611488103867,
    0.10746359825134277,
    0.10651293396949768,
    0.10700076818466187
  ],
  "precision": [
    0.8079311847686768,
    0.8031914830207825,
    0.8064407706260681,
    0.8031914830207825,
    0.8051904439926147
  ],
  "recall": [
    0.5954225063323975,
    0.8507042527198792,
    0.8464788794517517,
    0.8507042527198792,
    0.8411971926689148
  ],
  "val_loss": [
    0.08009631186723709,
    0.07677993923425674,
    0.07509186863899231,
    0.0709746927022934,
    0.07113281637430191
  ],
  "val_precision": [
    0.5182692408561707,
    0.5182692408561707,
    0.5182692408561707,
    0.5182692408561707,
    0.5182692408561707
  ],
  "val_recall": [
    0.8850574493408203,
    0.8850574493408203,
    0.8850574493408203,
    0.8850574493408203,
    0.8850574493408203
  ]
}