{
  "loss": [
    0.44279250502586365,
    0.3502088487148285,
    0.34581124782562256,
    0.3434796929359436,
    0.3405648171901703
  ],
  "precision": [
    0.7545614838600159,
    0.7619282603263855,
    0.7620654702186584,
    0.7616389989852905,
    0.7599859833717346
  ],
  "recall": [
    0.8877865672111511,
    0.9523569345474243,
    0.9620537161827087,
    0.9637352228164673,
    0.9704613089561462
  ],
  "val_loss": [
    0.36691591143608093,
    0.3891189396381378,
    0.37923091650009155,
    0.35377272963523865,
    0.3560785949230194
  ],
  "val_precision": [
    0.4725775718688965,
    0.4725775718688965,
    0.4725775718688965,
    0.4725775718688965,
    0.4725775718688965
  ],
  "val_recall": [
    0.9759351015090942,
    0.9759351015090942,
    0.9759351015090942,
    0.9759351015090942,
    0.9759351015090942
  ]
}