{
  "loss": [
    0.3609328866004944,
    0.2839677333831787,
    0.26950058341026306,
    0.2604205906391144,
    0.2521127164363861
  ],
  "precision": [
    0.8510032892227173,
    0.8565525412559509,
    0.860390305519104,
    0.8649576306343079,
    0.8718436360359192
  ],
  "recall": [
    0.8131652474403381,
    0.8762738704681396,
    0.8885785341262817,
    0.8940137624740601,
    0.8992224931716919
  ],
  "val_loss": [
    0.25995904207229614,
    0.2512507438659668,
    0.19974704086780548,
    0.20473754405975342,
    0.19698187708854675
  ],
  "val_precision": [
    0.14795474708080292,
    0.14836303889751434,
    0.17886598408222198,
    0.18407173454761505,
    0.1939058154821396
  ],
  "val_recall": [
    0.8500000238418579,
    0.8949999809265137,
    0.8675000071525574,
    0.8725000023841858,
    0.875
  ]
}