{
  "loss": [
    0.39108118414878845,
    0.08937734365463257,
    0.059580788016319275,
    0.051873829215765,
    0.05132965371012688,
    0.049411799758672714,
    0.04979230836033821,
    0.04975178465247154,
    0.0497114434838295,
    0.049718227237463,
    0.04904307425022125,
    0.04780980199575424,
    0.047452449798583984,
    0.047766976058483124,
    0.04732358083128929,
    0.04772200435400009,
    0.04670128971338272,
    0.047571077942848206,
    0.04705500230193138,
    0.046611491590738297
  ],
  "precision": [
    0.024163568392395973,
    0.0,
    0.8176100850105286,
    0.8297872543334961,
    0.8188153505325317,
    0.8200691938400269,
    0.8251748085021973,
    0.8281787037849426,
    0.8286713361740112,
    0.8310344815254211,
    0.8310344815254211,
    0.831615149974823,
    0.8299319744110107,
    0.8327645063400269,
    0.8277027010917664,
    0.8310344815254211,
    0.8327645063400269,
    0.829351544380188,
    0.835616409778595,
    0.8327645063400269
  ],
  "recall": [
    0.03299492225050926,
    0.0,
    0.3299492299556732,
    0.5939086079597473,
    0.596446692943573,
    0.6015228629112244,
    0.5989847779273987,
    0.6116751432418823,
    0.6015228629112244,
    0.6116751432418823,
    0.6116751432418823,
    0.6142131686210632,
    0.6192893385887146,
    0.6192893385887146,
    0.6218274235725403,
    0.6116751432418823,
    0.6192893385887146,
    0.6167512536048889,
    0.6192893385887146,
    0.6192893385887146
  ],
  "val_loss": [
    0.10773692280054092,
    0.06717299669981003,
    0.05029280111193657,
    0.048986054956912994,
    0.04899833723902702,
    0.04870670288801193,
    0.048261597752571106,
    0.04823523387312889,
    0.047972291707992554,
    0.04891446605324745,
    0.04842594265937805,
    0.04818163812160492,
    0.048020169138908386,
    0.04801678657531738,
    0.04753430187702179,
    0.04793938249349594,
    0.047726668417453766,
    0.04806526377797127,
    0.04755953326821327,
    0.04770452529191971
  ],
  "val_precision": [
    0.0,
    0.0,
    0.78125,
    0.7692307829856873,
    0.7692307829856873,
    0.7611940503120422,
    0.7611940503120422,
    0.7611940503120422,
    0.78125,
    0.7727272510528564,
    0.7727272510528564,
    0.7727272510528564,
    0.7727272510528564,
    0.7727272510528564,
    0.7727272510528564,
    0.7727272510528564,
    0.7727272510528564,
    0.7611940503120422,
    0.7761194109916687,
    0.7647058963775635
  ],
  "val_recall": [
    0.0,
    0.0,
    0.5952380895614624,
    0.5952380895614624,
    0.5952380895614624,
    0.6071428656578064,
    0.6071428656578064,
    0.6071428656578064,
    0.5952380895614624,
    0.6071428656578064,
    0.6071428656578064,
    0.6071428656578064,
    0.6071428656578064,
    0.6071428656578064,
    0.6071428656578064,
    0.6071428656578064,
    0.6071428656578064,
    0.6071428656578064,
    0.6190476417541504,
    0.6190476417541504
  ]
}