{
  "loss": [
    0.3525587320327759,
    0.28905242681503296,
    0.28680673241615295,
    0.28576862812042236,
    0.28487542271614075
  ],
  "precision": [
    0.6167996525764465,
    0.6650185585021973,
    0.6721982955932617,
    0.6713971495628357,
    0.6732693314552307
  ],
  "recall": [
    0.4833275377750397,
    0.5606113076210022,
    0.5698159337043762,
    0.5833622813224792,
    0.5844042897224426
  ],
  "val_loss": [
    0.23842409253120422,
    0.22342422604560852,
    0.23270510137081146,
    0.23326332867145538,
    0.2543109059333801
  ],
  "val_precision": [
    0.39751243591308594,
    0.4549436867237091,
    0.4549436867237091,
    0.45368021726608276,
    0.39751243591308594
  ],
  "val_recall": [
    0.6474878191947937,
    0.5891410112380981,
    0.5891410112380981,
    0.5794165134429932,
    0.6474878191947937
  ]
}