{
  "loss": [
    0.3049352169036865,
    0.2435416579246521,
    0.24130408465862274,
    0.2401026040315628,
    0.2395246922969818
  ],
  "precision": [
    0.7838146686553955,
    0.7719482183456421,
    0.7727192640304565,
    0.7696185111999512,
    0.771628737449646
  ],
  "recall": [
    0.7589016556739807,
    0.8879501223564148,
    0.8826192021369934,
    0.890766441822052,
    0.8863407969474792
  ],
  "val_loss": [
    0.23192530870437622,
    0.2079886496067047,
    0.2282978743314743,
    0.20372293889522552,
    0.21139028668403625
  ],
  "val_precision": [
    0.40887266397476196,
    0.5,
    0.40887266397476196,
    0.5060039162635803,
    0.5
  ],
  "val_recall": [
    0.9990614652633667,
    0.8526513576507568,
    0.9990614652633667,
    0.8503050208091736,
    0.8526513576507568
  ]
}